Country Name,Access to electricity (% of population),Control of Corruption: Estimate,Government Effectiveness: Estimate,Regulatory Quality: Estimate,Rule of Law: Estimate,ESG_Proxy,E_Score,S_Score,G_Score,ESG_Final,Temperature,GDP_2020,POP_2020,SDI_2019,ESG_Final_norm,GDP_2020_norm,SDI_2019_norm,Temperature_norm,Economic_Index,Sustainability_Index,Climate_Risk_Index
singapore,1.0,0.9227106915019596,1.0,1.0,0.9488231783641772,0.9743067739732274,1.0,1.0,1.0,1.0000000000000002,26.72,108000.0,5870000.0,7.9,1.0,0.4770036742707968,0.0,0.19148936170212494,0.4770036742707968,1.0,0.43404255319148743
singapore,1.0,0.9227106915019596,1.0,1.0,0.9488231783641772,0.9743067739732274,1.0,1.0,1.0,1.0000000000000002,26.99,108000.0,5870000.0,7.9,1.0,0.4770036742707968,0.0,0.7659574468085069,0.4770036742707968,1.0,0.8361702127659547
singapore,1.0,0.9227106915019596,1.0,1.0,0.9488231783641772,0.9743067739732274,1.0,1.0,1.0,1.0000000000000002,26.84,108000.0,5870000.0,7.9,1.0,0.4770036742707968,0.0,0.44680851063829863,0.4770036742707968,1.0,0.612765957446809
denmark,1.0,1.0,0.9350269679516892,0.9000896001605527,0.986094928069803,0.9642422992364088,1.0,1.0,0.9867452978360112,0.99573415122936,26.79,61600.0,6000000.0,35.5,0.9957341512293598,0.2713508817806695,0.35658914728682173,0.3404255319148959,0.2713508817806695,0.995581765945337,0.4313211281543806
finland,1.0,0.9644384700926424,0.8753884779516867,0.8842489732722469,1.0,0.9448151842633152,1.0,1.0,0.9611601948269172,0.9874999277162456,26.94,49300.0,5620000.0,22.3,0.9874999277162454,0.216835163081778,0.18604651162790703,0.6595744680851112,0.216835163081778,0.9870533982756391,0.7058881741712056
finland,1.0,0.9644384700926424,0.8753884779516867,0.8842489732722469,1.0,0.9448151842633152,1.0,1.0,0.9611601948269172,0.9874999277162456,26.86,49300.0,5620000.0,22.3,0.9874999277162454,0.216835163081778,0.18604651162790703,0.4893617021276597,0.216835163081778,0.9870533982756391,0.5867392380009897
finland,1.0,0.9644384700926424,0.8753884779516867,0.8842489732722469,1.0,0.9448151842633152,1.0,1.0,0.9611601948269172,0.9874999277162456,26.81,49300.0,5620000.0,22.3,0.9874999277162454,0.216835163081778,0.18604651162790703,0.382978723404257,0.216835163081778,0.9870533982756391,0.5122711528946078
finland,1.0,0.9644384700926424,0.8753884779516867,0.8842489732722469,1.0,0.9448151842633152,1.0,1.0,0.9611601948269172,0.9874999277162456,26.79,49300.0,5620000.0,22.3,0.9874999277162454,0.216835163081778,0.18604651162790703,0.3404255319148959,0.216835163081778,0.9870533982756391,0.482483918852055
switzerland,1.0,0.9185260300448744,0.9607038124973284,0.8766302427761132,0.9508691661215684,0.9413458502879768,1.0,1.0,0.9565911547375926,0.9860294432189776,26.98,72100.0,8970000.0,25.7,0.9860294432189773,0.3178886904260647,0.22997416020671835,0.7446808510638334,0.3178886904260647,0.9855303849125309,0.7522843476826678
luxembourg,1.0,0.8965866367239499,0.9131910850375948,0.919161982556406,0.9486459497557908,0.9355171308147484,1.0,1.0,0.9489148534267596,0.9835589282194896,26.9,111000.0,680000.0,58.3,0.9835589282194894,0.49030019102662403,0.6511627906976745,0.5744680851063819,0.49030019102662403,0.98297161780892,0.506778822365165
norway,1.0,0.939586936886298,0.8885906335812176,0.8485453101115688,0.9681591818125624,0.9289764124783292,1.0,1.0,0.9403008645445956,0.9807866310053645,26.88,68400.0,5620000.0,19.7,0.9807866310053642,0.3014896530938778,0.15245478036175714,0.5319148936170208,0.3014896530938778,0.9801002881815318,0.6266039914233874
new zealand,1.0,0.9328154805864748,0.8304770573145137,0.915150237439918,0.9374647728545688,0.9231815096390952,1.0,1.0,0.9326690990315568,0.9783304492572704,26.79,44800.0,5250000.0,43.6,0.9783304492572702,0.1968903879480372,0.4612403100775194,0.3404255319148959,0.1968903879480372,0.9775563663438523,0.39992577931717127
new zealand,1.0,0.9328154805864748,0.8304770573145137,0.915150237439918,0.9374647728545688,0.9231815096390952,1.0,1.0,0.9326690990315568,0.9783304492572704,26.87,44800.0,5250000.0,43.6,0.9783304492572702,0.1968903879480372,0.4612403100775194,0.5106382978723474,0.1968903879480372,0.9775563663438523,0.5190747154873874
new zealand,1.0,0.9328154805864748,0.8304770573145137,0.915150237439918,0.9374647728545688,0.9231815096390952,1.0,1.0,0.9326690990315568,0.9783304492572704,26.81,44800.0,5250000.0,43.6,0.9783304492572702,0.1968903879480372,0.4612403100775194,0.382978723404257,0.1968903879480372,0.9775563663438523,0.42971301335972406
sweden,1.0,0.9199635833009228,0.8458486281062791,0.87420998724909,0.9131327939190148,0.9106309985150614,1.0,1.0,0.9161403390808428,0.973010888738776,26.84,54800.0,10700000.0,32.5,0.9730108887387757,0.2412121104674612,0.3178294573643411,0.44680851063829863,0.2412121104674612,0.9720467796936143,0.5174171202375066
netherlands,1.0,0.8828811613314751,0.8510470588434569,0.8897479012848367,0.9223408655824704,0.909203397408448,1.0,1.0,0.914260218361982,0.9724057970092164,26.87,58400.0,18300000.0,29.9,0.9724057970092161,0.2571679305744538,0.28423772609819126,0.5106382978723474,0.2571679305744538,0.9714200727873273,0.5721754906811858
australia,1.0,0.8631151058142237,0.8433722439576607,0.9219612512314056,0.8937888033451922,0.9044474808696964,1.0,1.0,0.9079967760178598,0.9703899917883158,26.78,52300.0,27000000.0,15.0,0.9703899917883155,0.23013167983760519,0.0917312661498708,0.31914893617021534,0.23013167983760519,0.9693322586726199,0.49588487547418947
liechtenstein,1.0,0.8467692880643959,0.8515395128518708,0.853594891592387,0.9391315433063232,0.8982070471629953,1.0,1.0,0.8997782556956966,0.9677449708456324,27.0,,40100.0,58.3,0.9677449708456322,,0.6511627906976745,0.7872340425531945,,0.9665927518985655,0.6557149925779338
liechtenstein,1.0,0.8467692880643959,0.8515395128518708,0.853594891592387,0.9391315433063232,0.8982070471629953,1.0,1.0,0.8997782556956966,0.9677449708456324,26.83,,40100.0,58.3,0.9677449708456322,,0.6511627906976745,0.4255319148936181,,0.9665927518985655,0.40252350321623026
ireland,1.0,0.8157302462752255,0.8436447488620562,0.8808867328335384,0.9202061922072632,0.8920935840356167,1.0,1.0,0.891726952963772,0.9651537666498607,26.83,105000.0,5310000.0,42.4,0.9651537666498605,0.46370715751496966,0.44573643410852715,0.4255319148936181,0.46370715751496966,0.9639089843212574,0.46415141019297446
canada,1.0,0.8378703330474363,0.827641199703163,0.8585959506557217,0.8817817006227415,0.8811778368058125,1.0,1.0,0.877351142778751,0.9605271042438704,26.92,48200.0,40100000.0,19.1,0.9605271042438702,0.21195977360464135,0.144702842377261,0.6170212765957501,0.21195977360464135,0.959117047592917,0.6885040409038468
iceland,1.0,0.8102113958218564,0.8358897915130916,0.7818605785141708,0.9411521148895516,0.8738227761477342,1.0,1.0,0.8676646821367208,0.9574096463251311,26.89,57100.0,398000.0,23.2,0.9574096463251309,0.2514061066469287,0.19767441860465118,0.5531914893617014,0.2514061066469287,0.955888227378907,0.6279317169717955
monaco,1.0,0.7411876893605538,0.936599228096948,0.7959400270029406,0.8827133132287875,0.871288051537846,1.0,1.0,0.8643265029817875,0.9563352979717644,26.84,226000.0,38300.0,58.3,0.9563352979717642,1.0,0.6511627906976745,0.44680851063829863,1.0,0.9547755009939292,0.41741712023750666
japan,1.0,0.774394664824105,0.8522812219818949,0.8212397322781326,0.8967453234025612,0.8689321884973389,1.0,1.0,0.861223880762782,0.9553367604705096,26.84,43800.0,123000000.0,30.5,0.9553367604705094,0.1924582156960948,0.2919896640826874,0.44680851063829863,0.1924582156960948,0.9537412935875941,0.5251690582220028
germany,1.0,0.836182461619847,0.7563040913510145,0.8186090352042192,0.9004945941851386,0.8623180364720439,1.0,1.0,0.8525131812523631,0.952533338233012,26.91,53900.0,84100000.0,39.3,0.9525333382330118,0.23722315544071304,0.40568475452196384,0.5957446808510625,0.23722315544071304,0.950837727084121,0.5953158502391546
germany,1.0,0.836182461619847,0.7563040913510145,0.8186090352042192,0.9004945941851386,0.8623180364720439,1.0,1.0,0.8525131812523631,0.952533338233012,26.77,53900.0,84100000.0,39.3,0.9525333382330118,0.23722315544071304,0.40568475452196384,0.2978723404255348,0.23722315544071304,0.950837727084121,0.38680521194128514
estonia,1.0,0.8071775670149064,0.7731064989404415,0.8127875384884848,0.8706268527100192,0.8527396914307703,1.0,1.0,0.8398987017026701,0.9484735365555724,26.84,37100.0,1340000.0,20.1,0.9484735365555722,0.16276266160808073,0.15762273901808788,0.44680851063829863,0.16276266160808073,0.9466329005675567,0.5654791357413826
austria,1.0,0.7141022207789267,0.7867139603859634,0.7982454893068109,0.9472414993237898,0.8492606339590981,1.0,1.0,0.8353168559725874,0.9469989307339466,26.9,56000.0,9110000.0,25.2,0.9469989307339464,0.24653071716979208,0.22351421188630494,0.5744680851063819,0.24653071716979208,0.9451056186575292,0.6350733960085758
united kingdom,1.0,0.7940129160336016,0.7510786641773146,0.8355617674632065,0.8639212615482071,0.8489149218444659,1.0,1.0,0.8348615603676247,0.9468523999275444,26.82,46600.0,69600000.0,39.1,0.9468523999275442,0.20486829800153353,0.4031007751937985,0.40425531914893753,0.20486829800153353,0.9449538534558749,0.46204849084611666
andorra,1.0,0.7411876893605538,0.8187367125310114,0.7959400270029406,0.8827133132287875,0.8477155484246588,1.0,1.0,0.8332820107260727,0.9463440429827248,26.77,55000.0,82900.0,58.3,0.9463440429827246,0.24209854491784968,0.6511627906976745,0.2978723404255348,0.24209854491784968,0.9444273369086909,0.313161801088572
united states,1.0,0.7117502723873202,0.7631462509366005,0.8051386941319969,0.847006384023788,0.825408320295941,1.0,1.0,0.8039038590905335,0.9368890774551986,26.97,46600.0,69600000.0,39.1,0.9368890774551983,0.20486829800153353,0.4031007751937985,0.7234042553191458,0.20486829800153353,0.9346346196968445,0.6854527461652624
united states,1.0,0.7117502723873202,0.7631462509366005,0.8051386941319969,0.847006384023788,0.825408320295941,1.0,1.0,0.8039038590905335,0.9368890774551986,26.87,46600.0,69600000.0,39.1,0.9368890774551983,0.20486829800153353,0.4031007751937985,0.5106382978723474,0.20486829800153353,0.9346346196968445,0.5365165759525036
united states,1.0,0.7117502723873202,0.7631462509366005,0.8051386941319969,0.847006384023788,0.825408320295941,1.0,1.0,0.8039038590905335,0.9368890774551986,26.8,46600.0,69600000.0,39.1,0.9368890774551983,0.20486829800153353,0.4031007751937985,0.36170212765957643,0.20486829800153353,0.9346346196968445,0.432261256803564
san marino,1.0,0.7411876893605538,0.7598054419170392,0.7066379962064657,0.8827133132287875,0.8180688881425693,1.0,1.0,0.7942379808614529,0.9337782437110272,26.83,70200.0,33600.0,58.3,0.933778243711027,0.30946756314737417,0.6511627906976745,0.4255319148936181,0.30946756314737417,0.931412660287151,0.40252350321623026
belgium,1.0,0.7608600367272307,0.7243593773841619,0.7571063759167532,0.8392766437026348,0.8163204867461561,1.0,1.0,0.7919353728885021,0.93303718010438,26.86,53900.0,11800000.0,42.9,0.9330371801043797,0.23722315544071304,0.45219638242894056,0.4893617021276597,0.23722315544071304,0.9306451242961673,0.5068942767606797
france,1.0,0.7258769955433215,0.7475231924281873,0.7539712082041319,0.8118053251135163,0.8078353442578313,1.0,1.0,0.7807606181752418,0.9294407346266929,26.84,46900.0,66700000.0,52.2,0.9294407346266926,0.20619794967711624,0.5723514211886306,0.44680851063829863,0.20619794967711624,0.9269202060584139,0.4410605310902198
france,1.0,0.7258769955433215,0.7475231924281873,0.7539712082041319,0.8118053251135163,0.8078353442578313,1.0,1.0,0.7807606181752418,0.9294407346266929,26.78,46900.0,66700000.0,52.2,0.9294407346266926,0.20619794967711624,0.5723514211886306,0.31914893617021534,0.20619794967711624,0.9269202060584139,0.35169882896256155
united arab emirates,1.0,0.7002976056744568,0.8464725999256932,0.7303043546419455,0.7403367691569852,0.8034822658798161,1.0,1.0,0.7750277052407978,0.927595673206903,26.77,50500.0,34600000.0,45.6,0.9275956732069027,0.2221537697841089,0.4870801033591732,0.2978723404255348,0.2221537697841089,0.925009235080266,0.3623866072901224
brunei darussalam,1.0,0.74732721915083,0.8028818234070714,0.7163531566663679,0.7415221298856643,0.8016168658219867,1.0,1.0,0.7725710124843675,0.9268050194717076,26.9,62000.0,466000.0,33.8,0.9268050194717073,0.27312375068144645,0.33462532299741604,0.5744680851063819,0.27312375068144645,0.9241903374947892,0.6017400626752425
lithuania,1.0,0.6330761077518646,0.7271792219000852,0.7932768039129127,0.8325337983057429,0.7972131863741211,1.0,1.0,0.7667714590020973,0.9249385106821084,26.84,41700.0,2830000.0,29.1,0.9249385106821082,0.18315065396701577,0.2739018087855298,0.44680851063829863,0.18315065396701577,0.922257153000699,0.53059541481115
israel,1.0,0.6440789149912911,0.7476832463964252,0.7472176291108915,0.7168736183164416,0.77117068176301,1.0,1.0,0.732474026572583,0.9139003403667426,26.78,45800.0,9520000.0,41.9,0.9139003403667424,0.2013225601999796,0.43927648578811374,0.31914893617021534,0.2013225601999796,0.9108246755241943,0.39162130958271657
uruguay,1.0,0.8154215251023449,0.6841531764464,0.6520750709592744,0.7010365605817621,0.7705372666179563,1.0,1.0,0.7316398321100412,0.9136318660262044,26.77,25900.0,3380000.0,52.9,0.9136318660262042,0.11312233238632587,0.5813953488372093,0.2978723404255348,0.11312233238632587,0.9105466107033471,0.33409203364671153
qatar,1.0,0.6148195873955522,0.7588864339467782,0.7163849463401981,0.7525368893232876,0.7685255714011632,1.0,1.0,0.7289904716972451,0.9127792047804004,26.88,91000.0,3120000.0,26.0,0.9127792047804002,0.40165674598777606,0.23385012919896642,0.5319148936170208,0.40165674598777606,0.9096634905657485,0.6021853867722247
qatar,1.0,0.6148195873955522,0.7588864339467782,0.7163849463401981,0.7525368893232876,0.7685255714011632,1.0,1.0,0.7289904716972451,0.9127792047804004,26.83,91000.0,3120000.0,26.0,0.9127792047804002,0.40165674598777606,0.23385012919896642,0.4255319148936181,0.40165674598777606,0.9096634905657485,0.5277173016658427
latvia,1.0,0.6138770606123307,0.6510688253619514,0.7579578922918112,0.7781350273189642,0.7602077611170116,1.0,1.0,0.7180360899877187,0.9092536834091498,26.87,34500.0,1850000.0,53.5,0.9092536834091496,0.15123901375303048,0.5891472868217055,0.5106382978723474,0.15123901375303048,0.9060120299959062,0.4807026224641315
slovenia,1.0,0.6319488941642706,0.724848469669017,0.6640690330541001,0.777883033511383,0.7597498860797541,1.0,1.0,0.717433078165853,0.9090596121122496,26.76,43300.0,2120000.0,42.5,0.9090596121122494,0.1902421295701236,0.4470284237726099,0.27659574468085424,0.1902421295701236,0.9058110260552844,0.359508494144815
portugal,1.0,0.6134624102756808,0.7137096167825047,0.6691670480835064,0.78478824575826,0.7562254641799904,1.0,1.0,0.7127914884353217,0.9075657784824308,26.81,37500.0,10400000.0,62.4,0.9075657784824306,0.1645355305088577,0.7041343669250646,0.382978723404257,0.1645355305088577,0.9042638294784405,0.3568447963054605
chile,1.0,0.6761214651850909,0.6555883419122298,0.7054562937942745,0.6788858798661601,0.743210396151551,1.0,1.0,0.6956509167838347,0.9020493145436016,26.8,26700.0,19900000.0,73.7,0.9020493145436014,0.11666807018787978,0.8501291989664084,0.36170212765957643,0.11666807018787978,0.8985503055946116,0.29815272967178097
mauritius,1.0,0.5575174922338278,0.6539914462355448,0.7350088455021333,0.7219996841091894,0.7337034936161391,1.0,1.0,0.6831305255161242,0.8980197939224289,26.96,26600.0,1270000.0,60.9,0.8980197939224287,0.11622485296268555,0.6847545219638244,0.7021276595744723,0.11622485296268555,0.894376841838708,0.5860630051129833
seychelles,1.0,0.8280550626459289,0.6356089259252172,0.5532372266576825,0.6329044693871599,0.7299611369231978,1.0,1.0,0.6782019202333384,0.8964335881724678,26.91,28600.0,133000.0,35.9,0.8964335881724675,0.12508919746657032,0.36175710594315247,0.5957446808510625,0.12508919746657032,0.8927339734111128,0.608494144812798
spain,1.0,0.5980575831098855,0.6630172120759478,0.6560481454102334,0.7262152746528547,0.7286676430497844,1.0,1.0,0.6764984159282087,0.8958853380755654,26.74,41000.0,47900000.0,46.2,0.8958853380755651,0.1800481333906561,0.4948320413436693,0.23404255319148604,0.1800481333906561,0.8921661386427363,0.3153801748309394
spain,1.0,0.5980575831098855,0.6630172120759478,0.6560481454102334,0.7262152746528547,0.7286676430497844,1.0,1.0,0.6764984159282087,0.8958853380755654,26.82,41000.0,47900000.0,46.2,0.8958853380755651,0.1800481333906561,0.4948320413436693,0.40425531914893753,0.1800481333906561,0.8921661386427363,0.43452911100115543
spain,1.0,0.5980575831098855,0.6630172120759478,0.6560481454102334,0.7262152746528547,0.7286676430497844,1.0,1.0,0.6764984159282087,0.8958853380755654,26.75,41000.0,47900000.0,46.2,0.8958853380755651,0.1800481333906561,0.4948320413436693,0.2553191489361737,0.1800481333906561,0.8921661386427363,0.3302737918522208
spain,1.0,0.5980575831098855,0.6630172120759478,0.6560481454102334,0.7262152746528547,0.7286676430497844,1.0,1.0,0.6764984159282087,0.8958853380755654,26.75,41000.0,47900000.0,46.2,0.8958853380755651,0.1800481333906561,0.4948320413436693,0.2553191489361737,0.1800481333906561,0.8921661386427363,0.3302737918522208
spain,1.0,0.5980575831098855,0.6630172120759478,0.6560481454102334,0.7262152746528547,0.7286676430497844,1.0,1.0,0.6764984159282087,0.8958853380755654,26.75,41000.0,47900000.0,46.2,0.8958853380755651,0.1800481333906561,0.4948320413436693,0.2553191489361737,0.1800481333906561,0.8921661386427363,0.3302737918522208
barbados,1.0,0.7626414791447523,0.5830186165578592,0.6154390334232869,0.628420261831094,0.7179038781913984,1.0,1.0,0.6623227633390886,0.8913230937171361,26.7,17300.0,283000.0,71.2,0.8913230937171359,0.07500565101962123,0.8178294573643412,0.14893617021277095,0.07500565101962123,0.8874409211130295,0.1589064819396373
georgia,1.0,0.5953712096410989,0.6714601166400035,0.7098965012518578,0.5717289041546947,0.709691346337531,1.0,1.0,0.6515070311144284,0.8878421948298347,26.93,20400.0,3810000.0,83.9,0.8878421948298345,0.08874538500064266,0.9819121447028426,0.6382978723404236,0.08874538500064266,0.8838356770381428,0.45223486722744366
cyprus,1.0,0.5297906604904882,0.6599333567815694,0.674045023725202,0.6795909576269592,0.7086719997248437,1.0,1.0,0.6501645730024702,0.887410142625592,26.76,45500.0,1370000.0,33.8,0.8874101426255918,0.19999290852439688,0.33462532299741604,0.27659574468085424,0.19999290852439688,0.8833881910008233,0.3932294243773731
bhutan,1.0,0.8056358813994979,0.6230288816192404,0.4228610488083718,0.6890794629696472,0.7081210549593514,1.0,1.0,0.6494389903003056,0.8871766235287665,27.02,13300.0,797000.0,68.3,0.8871766235287663,0.05727696201185163,0.7803617571059431,0.8297872340425485,0.05727696201185163,0.8831463301001019,0.646742536698001
palau,1.0,0.588679772859783,0.5963352889155048,0.5937661757261055,0.7531549074168079,0.7063872289836401,1.0,1.0,0.6471555778507548,0.8864417377448186,27.0,17300.0,17700.0,58.3,0.8864417377448184,0.07500565101962123,0.6511627906976745,0.7872340425531945,0.07500565101962123,0.8823851926169183,0.6557149925779338
palau,1.0,0.588679772859783,0.5963352889155048,0.5937661757261055,0.7531549074168079,0.7063872289836401,1.0,1.0,0.6471555778507548,0.8864417377448186,26.91,17300.0,17700.0,58.3,0.8864417377448184,0.07500565101962123,0.6511627906976745,0.5957446808510625,0.07500565101962123,0.8823851926169183,0.5216724393864414
malaysia,1.0,0.5212565184909287,0.6895607140875674,0.6490469521802558,0.6661609057194868,0.7052050180956477,1.0,1.0,0.6455986309036837,0.8859406551751806,26.94,30900.0,36000000.0,46.6,0.8859406551751804,0.13528319364603786,0.5000000000000001,0.6595744680851112,0.13528319364603786,0.8818662103012279,0.6117021276595778
bahrain,1.0,0.4941402813482985,0.6512061171256313,0.7378857094193265,0.6414794615205545,0.7049423138827622,1.0,1.0,0.6452526549645435,0.8858293074423993,26.84,53600.0,1640000.0,48.8,0.8858293074423991,0.23589350376513032,0.5284237726098191,0.44680851063829863,0.23589350376513032,0.8817508849881812,0.4542388256638633
saudi arabia,1.0,0.5765817104623345,0.6725698703447383,0.6184131326087957,0.628510102729552,0.6992149632290842,1.0,1.0,0.6377098542632297,0.883401757830134,26.77,50500.0,34600000.0,45.6,0.8834017578301337,0.2221537697841089,0.4870801033591732,0.2978723404255348,0.2221537697841089,0.8792366180877432,0.3623866072901224
poland,1.0,0.5833372561276935,0.5918434552605666,0.674457235753795,0.639079587055346,0.6977435068394802,1.0,1.0,0.6357719770563697,0.882778077946704,27.05,40700.0,38100000.0,42.6,0.8827780779467038,0.17871848171507337,0.4483204134366926,0.8936170212765973,0.17871848171507337,0.8785906590187899,0.7910357908626102
poland,1.0,0.5833372561276935,0.5918434552605666,0.674457235753795,0.639079587055346,0.6977435068394802,1.0,1.0,0.6357719770563697,0.882778077946704,26.74,40700.0,38100000.0,42.6,0.8827780779467038,0.17871848171507337,0.4483204134366926,0.23404255319148604,0.17871848171507337,0.8785906590187899,0.3293336632030324
poland,1.0,0.5833372561276935,0.5918434552605666,0.674457235753795,0.639079587055346,0.6977435068394802,1.0,1.0,0.6357719770563697,0.882778077946704,26.83,40700.0,38100000.0,42.6,0.8827780779467038,0.17871848171507337,0.4483204134366926,0.4255319148936181,0.17871848171507337,0.8785906590187899,0.46337621639452486
italy,1.0,0.5798231867651179,0.6326581794865783,0.6454553030330341,0.6227164059578597,0.696130615048518,1.0,1.0,0.6336478323919951,0.8820944503711405,26.87,45100.0,59100000.0,52.5,0.8820944503711403,0.19822003962361992,0.5762273901808787,0.5106382978723474,0.19822003962361992,0.8778826107973318,0.48457859145637955
italy,1.0,0.5798231867651179,0.6326581794865783,0.6454553030330341,0.6227164059578597,0.696130615048518,1.0,1.0,0.6336478323919951,0.8820944503711405,26.84,45100.0,59100000.0,52.5,0.8820944503711403,0.19822003962361992,0.5762273901808787,0.44680851063829863,0.19822003962361992,0.8778826107973318,0.4398977403925454
samoa,1.0,0.6205440416511887,0.6071575110681543,0.4506562498270225,0.7448289139189557,0.6846373432930642,1.0,1.0,0.6185114345180925,0.8772230029811167,26.88,5810.0,219000.0,76.7,0.8772230029811164,0.024079991844803056,0.888888888888889,0.5319148936170208,0.024079991844803056,0.8728371448393641,0.40567375886524787
samoa,1.0,0.6205440416511887,0.6071575110681543,0.4506562498270225,0.7448289139189557,0.6846373432930642,1.0,1.0,0.6185114345180925,0.8772230029811167,26.88,5810.0,219000.0,76.7,0.8772230029811164,0.024079991844803056,0.888888888888889,0.5319148936170208,0.024079991844803056,0.8728371448393641,0.40567375886524787
malta,1.0,0.4784835020848149,0.5866548915669653,0.654683855502424,0.6973670754772233,0.6834378649262856,1.0,1.0,0.6169317466635801,0.8767146015543028,26.9,52700.0,545000.0,54.2,0.8767146015543026,0.23190454873838215,0.5981912144702843,0.5744680851063819,0.23190454873838215,0.8723105822211933,0.522670295233382
malta,1.0,0.4784835020848149,0.5866548915669653,0.654683855502424,0.6973670754772233,0.6834378649262856,1.0,1.0,0.6169317466635801,0.8767146015543028,26.72,52700.0,545000.0,54.2,0.8767146015543026,0.23190454873838215,0.5981912144702843,0.19148936170212494,0.23190454873838215,0.8723105822211933,0.25458518885040216
croatia,1.0,0.4950938564212282,0.6545330814897705,0.645427296635083,0.6155968178379442,0.6821302104768051,1.0,1.0,0.6152095931767348,0.8761603494674719,26.81,37500.0,3850000.0,69.0,0.8761603494674717,0.1645355305088577,0.789405684754522,0.382978723404257,0.1645355305088577,0.8717365310589117,0.33126340095662327
costa rica,1.0,0.6036680020078129,0.5571332681655098,0.6240525623467357,0.6224670578855795,0.6814641780811276,1.0,1.0,0.6143324424791451,0.875878050236702,26.84,24300.0,5150000.0,85.3,0.8758780502367017,0.10603085678321802,1.0,0.44680851063829863,0.10603085678321802,0.8714441474930483,0.312765957446809
st. kitts and nevis,1.0,0.5483671629083835,0.5830116364906217,0.6237077891150224,0.6440583046464791,0.6798289786321015,1.0,1.0,0.6121789190969192,0.8751849675133819,26.95,32800.0,46900.0,58.3,0.8751849675133817,0.1437043209247284,0.6511627906976745,0.6808510638297847,0.1437043209247284,0.8707263063656397,0.581246907471547
st. kitts and nevis,1.0,0.5483671629083835,0.5830116364906217,0.6237077891150224,0.6440583046464791,0.6798289786321015,1.0,1.0,0.6121789190969192,0.8751849675133819,26.7,32800.0,46900.0,58.3,0.8751849675133817,0.1437043209247284,0.6511627906976745,0.14893617021277095,0.1437043209247284,0.8707263063656397,0.2089064819396373
st. kitts and nevis,1.0,0.5483671629083835,0.5830116364906217,0.6237077891150224,0.6440583046464791,0.6798289786321015,1.0,1.0,0.6121789190969192,0.8751849675133819,27.05,32800.0,46900.0,58.3,0.8751849675133817,0.1437043209247284,0.6511627906976745,0.8936170212765973,0.1437043209247284,0.8707263063656397,0.7301830776843157
st. kitts and nevis,1.0,0.5483671629083835,0.5830116364906217,0.6237077891150224,0.6440583046464791,0.6798289786321015,1.0,1.0,0.6121789190969192,0.8751849675133819,26.75,32800.0,46900.0,58.3,0.8751849675133817,0.1437043209247284,0.6511627906976745,0.2553191489361737,0.1437043209247284,0.8707263063656397,0.2833745670460192
st. kitts and nevis,1.0,0.5483671629083835,0.5830116364906217,0.6237077891150224,0.6440583046464791,0.6798289786321015,1.0,1.0,0.6121789190969192,0.8751849675133819,26.84,32800.0,46900.0,58.3,0.8751849675133817,0.1437043209247284,0.6511627906976745,0.44680851063829863,0.1437043209247284,0.8707263063656397,0.41741712023750666
st. kitts and nevis,1.0,0.5483671629083835,0.5830116364906217,0.6237077891150224,0.6440583046464791,0.6798289786321015,1.0,1.0,0.6121789190969192,0.8751849675133819,26.95,32800.0,46900.0,58.3,0.8751849675133817,0.1437043209247284,0.6511627906976745,0.6808510638297847,0.1437043209247284,0.8707263063656397,0.581246907471547
st. kitts and nevis,1.0,0.5483671629083835,0.5830116364906217,0.6237077891150224,0.6440583046464791,0.6798289786321015,1.0,1.0,0.6121789190969192,0.8751849675133819,26.69,32800.0,46900.0,58.3,0.8751849675133817,0.1437043209247284,0.6511627906976745,0.1276595744680904,0.1437043209247284,0.8707263063656397,0.19401286491836092
dominica,1.0,0.5785311609501684,0.557268571123267,0.5739356654698476,0.6788281728848675,0.67771271408563,1.0,1.0,0.6093918430698843,0.8742879843374107,26.72,12900.0,65900.0,58.3,0.8742879843374105,0.05550409311107467,0.6511627906976745,0.19148936170212494,0.05550409311107467,0.8697972810232947,0.23869371598218508
"bahamas, the",1.0,0.7447669237441157,0.5593197036571397,0.5098091630229251,0.5722762040969563,0.6772343989042273,1.0,1.0,0.6087619120068338,0.8740852494424538,26.83,34400.0,403000.0,27.1,0.8740852494424536,0.15079579652783626,0.24806201550387602,0.4255319148936181,0.15079579652783626,0.869587304002278,0.5234537357743698
st. vincent and the grenadines,1.0,0.622896319228337,0.5170154199308534,0.5759279728258206,0.6662319768731645,0.6764143377716352,1.0,1.0,0.6076819086928995,0.8737376648078061,26.78,17300.0,99900.0,58.3,0.8737376648078059,0.07500565101962123,0.6511627906976745,0.31914893617021534,0.07500565101962123,0.8692273028976332,0.3280554181098484
st. vincent and the grenadines,1.0,0.622896319228337,0.5170154199308534,0.5759279728258206,0.6662319768731645,0.6764143377716352,1.0,1.0,0.6076819086928995,0.8737376648078061,26.7,17300.0,99900.0,58.3,0.8737376648078059,0.07500565101962123,0.6511627906976745,0.14893617021277095,0.07500565101962123,0.8692273028976332,0.2089064819396373
slovak republic,1.0,0.5205532615895399,0.5505279304567693,0.6364854733124414,0.6736864751466191,0.6762506281010738,1.0,1.0,0.6074663064899631,0.8736682761198548,26.95,35400.0,5470000.0,23.0,0.8736682761198545,0.15522796877977865,0.19509043927648584,0.6808510638297847,0.15522796877977865,0.8691554354966544,0.7180686128979035
slovak republic,1.0,0.5205532615895399,0.5505279304567693,0.6364854733124414,0.6736864751466191,0.6762506281010738,1.0,1.0,0.6074663064899631,0.8736682761198548,26.83,35400.0,5470000.0,23.0,0.8736682761198545,0.15522796877977865,0.19509043927648584,0.4255319148936181,0.15522796877977865,0.8691554354966544,0.5393452086425868
slovak republic,1.0,0.5205532615895399,0.5505279304567693,0.6364854733124414,0.6736864751466191,0.6762506281010738,1.0,1.0,0.6074663064899631,0.8736682761198548,26.96,35400.0,5470000.0,23.0,0.8736682761198545,0.15522796877977865,0.19509043927648584,0.7021276595744723,0.15522796877977865,0.8691554354966544,0.7329622299191848
slovak republic,1.0,0.5205532615895399,0.5505279304567693,0.6364854733124414,0.6736864751466191,0.6762506281010738,1.0,1.0,0.6074663064899631,0.8736682761198548,26.9,35400.0,5470000.0,23.0,0.8736682761198545,0.15522796877977865,0.19509043927648584,0.5744680851063819,0.15522796877977865,0.8691554354966544,0.6436005277915215
slovak republic,1.0,0.5205532615895399,0.5505279304567693,0.6364854733124414,0.6736864751466191,0.6762506281010738,1.0,1.0,0.6074663064899631,0.8736682761198548,26.88,35400.0,5470000.0,23.0,0.8736682761198545,0.15522796877977865,0.19509043927648584,0.5319148936170208,0.15522796877977865,0.8691554354966544,0.6138132937489688
slovak republic,1.0,0.5205532615895399,0.5505279304567693,0.6364854733124414,0.6736864751466191,0.6762506281010738,1.0,1.0,0.6074663064899631,0.8736682761198548,26.8,35400.0,5470000.0,23.0,0.8736682761198545,0.15522796877977865,0.19509043927648584,0.36170212765957643,0.15522796877977865,0.8691554354966544,0.4946643575787577
slovak republic,1.0,0.5205532615895399,0.5505279304567693,0.6364854733124414,0.6736864751466191,0.6762506281010738,1.0,1.0,0.6074663064899631,0.8736682761198548,26.77,35400.0,5470000.0,23.0,0.8736682761198545,0.15522796877977865,0.19509043927648584,0.2978723404255348,0.15522796877977865,0.8691554354966544,0.4499835065149286
antigua and barbuda,1.0,0.5284295811503538,0.5830116364906217,0.6245827541831983,0.6199010512112522,0.6711850046070852,1.0,1.0,0.6007949865807288,0.8715212009550373,26.72,24000.0,94200.0,62.2,0.871521200955037,0.10470120510763531,0.7015503875968994,0.19148936170212494,0.10470120510763531,0.8669316621935762,0.22357743691241763
oman,1.0,0.5027404902000647,0.5602367420679879,0.6008338365428797,0.6759470170610993,0.6679516171744063,1.0,1.0,0.5965366831399979,0.8701507228957861,26.76,34500.0,5490000.0,63.1,0.8701507228957859,0.15123901375303048,0.7131782945736435,0.27659574468085424,0.15123901375303048,0.8655122277133326,0.2796635329045049
oman,1.0,0.5027404902000647,0.5602367420679879,0.6008338365428797,0.6759470170610993,0.6679516171744063,1.0,1.0,0.5965366831399979,0.8701507228957861,26.67,34500.0,5490000.0,63.1,0.8701507228957859,0.15123901375303048,0.7131782945736435,0.0851063829787293,0.15123901375303048,0.8655122277133326,0.14562097971301746
oman,1.0,0.5027404902000647,0.5602367420679879,0.6008338365428797,0.6759470170610993,0.6679516171744063,1.0,1.0,0.5965366831399979,0.8701507228957861,26.84,34500.0,5490000.0,63.1,0.8701507228957859,0.15123901375303048,0.7131782945736435,0.44680851063829863,0.15123901375303048,0.8655122277133326,0.39881246907471596
oman,1.0,0.5027404902000647,0.5602367420679879,0.6008338365428797,0.6759470170610993,0.6679516171744063,1.0,1.0,0.5965366831399979,0.8701507228957861,26.78,34500.0,5490000.0,63.1,0.8701507228957859,0.15123901375303048,0.7131782945736435,0.31914893617021534,0.15123901375303048,0.8655122277133326,0.3094507669470577
cabo verde,0.985200845665962,0.6798616575819693,0.5040653035507424,0.5600163365153302,0.6250487749503895,0.6708385836528787,0.985200845665962,0.985200845665962,0.6042367926292075,0.8625926559685605,27.01,8560.0,527000.0,71.1,0.8625926559685603,0.03626846553764466,0.8165374677002584,0.8085106382978751,0.03626846553764466,0.8582128279870438,0.6209962064984349
tuvalu,1.0,0.601972161546927,0.4043038363219398,0.4676771667468427,0.7711868272219605,0.649027998367534,1.0,1.0,0.5716146740228841,0.8621299072909695,26.88,4980.0,9490.0,58.3,0.8621299072909693,0.020401288875690864,0.6511627906976745,0.5319148936170208,0.020401288875690864,0.8572048913409613,0.4769915883226122
hungary,1.0,0.453114278391044,0.5813644176085955,0.5760777042208506,0.6315044903191336,0.6484121781079246,1.0,1.0,0.5708036516554863,0.8618688905796075,26.84,37400.0,9630000.0,73.4,0.8618688905796072,0.16409231328366344,0.8462532299741603,0.44680851063829863,0.16409231328366344,0.8569345505518288,0.35888998845456094
greece,1.0,0.4757451841664176,0.5329815458570146,0.6315900158892503,0.5803144043499943,0.6441262300525354,1.0,1.0,0.5651591479481352,0.8600522824881563,26.84,33800.0,9940000.0,32.8,0.8600522824881561,0.1481364931766708,0.32170542635658916,0.44680851063829863,0.1481364931766708,0.855053049316045,0.5162543295398323
greece,1.0,0.4757451841664176,0.5329815458570146,0.6315900158892503,0.5803144043499943,0.6441262300525354,1.0,1.0,0.5651591479481352,0.8600522824881563,26.99,33800.0,9940000.0,32.8,0.8600522824881561,0.1481364931766708,0.32170542635658916,0.7659574468085069,0.1481364931766708,0.855053049316045,0.7396585848589781
fiji,0.992600422832981,0.569730893015084,0.6067703675410864,0.4890618845035441,0.6022680455335756,0.6520863226852542,0.992600422832981,0.992600422832981,0.577591440602651,0.8590353276125332,26.84,14000.0,933000.0,78.8,0.859035327612533,0.06037948258821131,0.9160206718346254,0.44680851063829863,0.06037948258821131,0.8542640954228711,0.3379597558964214
jordan,1.0,0.4736308117227148,0.5842607734130062,0.5546494645090378,0.5909889692948374,0.6407060037879193,1.0,1.0,0.5606547816839829,0.8586026123972922,26.78,9960.0,11500000.0,77.1,0.858602612397292,0.04247350669036402,0.8940568475452196,0.31914893617021534,0.04247350669036402,0.853551593894661,0.25518720105558484
kuwait,1.0,0.5007738774869084,0.5027443308381476,0.5766340869906647,0.6110653864027238,0.6382435363436889,1.0,1.0,0.5574117637008992,0.8575588903954591,26.83,45900.0,5030000.0,9.9,0.8575588903954589,0.20176577742517385,0.025839793281653742,0.4255319148936181,0.20176577742517385,0.8524705879002997,0.5901204024410365
marshall islands,1.0,0.5479798486876722,0.5161846395613892,0.4182148115098317,0.6913058028719824,0.6347370205261751,1.0,1.0,0.5527937559051787,0.8560726462962365,26.78,6330.0,36300.0,58.3,0.8560726462962363,0.026384721415813106,0.6511627906976745,0.31914893617021534,0.026384721415813106,0.8509312519683929,0.3280554181098484
marshall islands,1.0,0.5479798486876722,0.5161846395613892,0.4182148115098317,0.6913058028719824,0.6347370205261751,1.0,1.0,0.5527937559051787,0.8560726462962365,26.91,6330.0,36300.0,58.3,0.8560726462962363,0.026384721415813106,0.6511627906976745,0.5957446808510625,0.026384721415813106,0.8509312519683929,0.5216724393864414
marshall islands,1.0,0.5479798486876722,0.5161846395613892,0.4182148115098317,0.6913058028719824,0.6347370205261751,1.0,1.0,0.5527937559051787,0.8560726462962365,26.98,6330.0,36300.0,58.3,0.8560726462962363,0.026384721415813106,0.6511627906976745,0.7446808510638334,0.026384721415813106,0.8509312519683929,0.625927758535381
marshall islands,1.0,0.5479798486876722,0.5161846395613892,0.4182148115098317,0.6913058028719824,0.6347370205261751,1.0,1.0,0.5527937559051787,0.8560726462962365,26.88,6330.0,36300.0,58.3,0.8560726462962363,0.026384721415813106,0.6511627906976745,0.5319148936170208,0.026384721415813106,0.8509312519683929,0.4769915883226122
marshall islands,1.0,0.5479798486876722,0.5161846395613892,0.4182148115098317,0.6913058028719824,0.6347370205261751,1.0,1.0,0.5527937559051787,0.8560726462962365,26.79,6330.0,36300.0,58.3,0.8560726462962363,0.026384721415813106,0.6511627906976745,0.3404255319148959,0.026384721415813106,0.8509312519683929,0.34294903513112474
romania,1.0,0.4625475889134267,0.4811730826101737,0.5762036377949561,0.6339790372758293,0.6307806693188771,1.0,1.0,0.547583324334713,0.8543957385215932,26.92,35600.0,18900000.0,71.1,0.854395738521593,0.15611440323016712,0.8165374677002584,0.6170212765957501,0.15611440323016712,0.8491944414449044,0.48695365330694756
nauru,1.0,0.588679772859783,0.4865242023181729,0.5103208019894847,0.5249024214846318,0.6220854397304144,1.0,1.0,0.5361318893163556,0.8507102471849531,26.88,11000.0,12000.0,58.3,0.8507102471849529,0.04708296583238411,0.6511627906976745,0.5319148936170208,0.04708296583238411,0.8453772964387852,0.4769915883226122
montenegro,1.0,0.4349783273155481,0.5543060682754252,0.5879824355958216,0.519220372870679,0.6192974408114947,1.0,1.0,0.5324601532079013,0.8495285479833733,26.82,25100.0,633000.0,58.3,0.8495285479833731,0.10957659458477194,0.6511627906976745,0.40425531914893753,0.10957659458477194,0.8441533844026338,0.38762988619495387
montenegro,1.0,0.4349783273155481,0.5543060682754252,0.5879824355958216,0.519220372870679,0.6192974408114947,1.0,1.0,0.5324601532079013,0.8495285479833733,26.74,25100.0,633000.0,58.3,0.8495285479833731,0.10957659458477194,0.6511627906976745,0.23404255319148604,0.10957659458477194,0.8441533844026338,0.2684809500247379
bulgaria,1.0,0.4215367609997218,0.511262891022982,0.5951594559375059,0.5276669776454553,0.611125217121133,1.0,1.0,0.5216975059892665,0.8460647337958932,26.95,29600.0,6710000.0,74.4,0.846064733795893,0.12952136971851272,0.8591731266149872,0.6808510638297847,0.12952136971851272,0.8405658353297555,0.5188438066963531
china,1.0,0.4519931525258441,0.6472915183509308,0.4323442804917685,0.5197052912238581,0.6102668485184803,1.0,1.0,0.5205670525406171,0.8457009124595462,26.91,20900.0,1420000000.0,51.7,0.8457009124595459,0.09096147112661386,0.5658914728682172,0.5957446808510625,0.09096147112661386,0.840189017513539,0.5472538347352786
thailand,1.0,0.3406898277772582,0.5380840102929305,0.5419873416159479,0.5879032503521399,0.6017328860076552,1.0,1.0,0.5093280028815398,0.8420837745127127,26.86,18800.0,71600000.0,73.7,0.8420837745127124,0.08165390939753482,0.8501291989664084,0.4893617021276597,0.08165390939753482,0.83644266762718,0.3875144317994393
india,0.9947145877378436,0.3690025549187103,0.6033974232671202,0.4791050657099155,0.5743814748666417,0.6041202213000463,0.9947145877378436,0.9947145877378436,0.5138642288177986,0.8399593252594583,26.94,8460.0,1460000000.0,69.6,0.839959325259458,0.03582524831245042,0.7971576227390181,0.6595744680851112,0.03582524831245042,0.8344311347644954,0.5225548408378724
india,0.9947145877378436,0.3690025549187103,0.6033974232671202,0.4791050657099155,0.5743814748666417,0.6041202213000463,0.9947145877378436,0.9947145877378436,0.5138642288177986,0.8399593252594583,26.76,8460.0,1460000000.0,69.6,0.839959325259458,0.03582524831245042,0.7971576227390181,0.27659574468085424,0.03582524831245042,0.8344311347644954,0.2544697344548925
indonesia,0.9936575052854124,0.3411911567815823,0.6260471704732075,0.5724715504001661,0.4925521160647996,0.6051838998010336,0.9936575052854124,0.9936575052854124,0.5155435021812607,0.8397829023608099,26.83,14000.0,286000000.0,77.1,0.8397829023608097,0.06037948258821131,0.8940568475452196,0.4255319148936181,0.06037948258821131,0.8342861709173618,0.3296552861619667
albania,1.0,0.3767796524711446,0.5551224185748214,0.5449045107515871,0.4900412811725742,0.5933695725940255,1.0,1.0,0.4983136945047473,0.8385389665443946,26.8,17400.0,2770000.0,82.6,0.8385389665443944,0.07544886824481546,0.9651162790697675,0.36170212765957643,0.07544886824481546,0.8327712315015825,0.26365660564077326
north macedonia,1.0,0.373006431791687,0.4900741366862943,0.5993006449495116,0.4890966823563288,0.5902955791567643,1.0,1.0,0.4942653096132937,0.8372360479651144,26.82,19000.0,1810000.0,71.9,0.8372360479651142,0.0825403438479233,0.8268733850129201,0.40425531914893753,0.0825403438479233,0.8314217698710978,0.3349167079003802
north macedonia,1.0,0.373006431791687,0.4900741366862943,0.5993006449495116,0.4890966823563288,0.5902955791567643,1.0,1.0,0.4942653096132937,0.8372360479651144,26.9,19000.0,1810000.0,71.9,0.8372360479651142,0.0825403438479233,0.8268733850129201,0.5744680851063819,0.0825403438479233,0.8314217698710978,0.4540656440705913
armenia,1.0,0.4666676802838113,0.461483754817337,0.5184251248315993,0.5001104077464623,0.589337393535842,1.0,1.0,0.4930033992448688,0.836829918975779,26.81,19500.0,2950000.0,82.7,0.8368299189757787,0.0847564299738945,0.9664082687338503,0.382978723404257,0.0847564299738945,0.831001133081623,0.2781626257628248
tonga,1.0,0.3822800959663641,0.4763137112052611,0.4245274040953524,0.6605649116964808,0.5887372245926917,1.0,1.0,0.4922129893330198,0.836575536107794,26.83,6120.0,104000.0,58.3,0.8365755361077938,0.025453965242905198,0.6511627906976745,0.4255319148936181,0.025453965242905198,0.8307376631110066,0.40252350321623026
high income,0.9998774315401426,0.4376711834860984,0.4850727994358,0.4902908068952206,0.5118161830623729,0.584945680883927,0.9998774315401426,0.9998774315401426,0.487251889800151,0.8348957510787416,26.81,20900.0,1420000000.0,51.7,0.8348957510787414,0.09096147112661386,0.5658914728682172,0.382978723404257,0.09096147112661386,0.8290022509601455,0.3983176645225147
serbia,1.0,0.3503194375338349,0.5027645764614209,0.5376545576108868,0.5114798543872869,0.5804436851986858,1.0,1.0,0.4812905718768253,0.8330603020043441,26.92,23500.0,6690000.0,38.2,0.8330603020043439,0.10248511898166411,0.39147286821705435,0.6170212765957501,0.10248511898166411,0.8270968572922751,0.6144730331519088
dominican republic,0.9957716701902748,0.349796917210331,0.5286829311129467,0.5447411951109509,0.4985372506836625,0.5835059928616332,0.9957716701902748,0.9957716701902748,0.4864372911858,0.8318492064759255,26.74,21300.0,11500000.0,80.2,0.8318492064759253,0.09273434002739082,0.9341085271317832,0.23404255319148604,0.09273434002739082,0.8259935438554499,0.18359722909450527
moldova,1.0,0.3887181558938237,0.4656121694752115,0.5307497252427628,0.4927784547975912,0.5755717010818778,1.0,1.0,0.4748742709664821,0.8309953012965343,26.8,12100.0,3000000.0,80.8,0.8309953012965341,0.051958355309520754,0.9418604651162791,0.36170212765957643,0.051958355309520754,0.8249580903221606,0.27063334982681975
kazakhstan,1.0,0.3918812105995776,0.5327257308836105,0.5223271089261997,0.4223981660761285,0.5738664432971033,1.0,1.0,0.4726284822252848,0.8302725242003592,27.03,29100.0,20800000.0,39.5,0.830272524200359,0.12730528359254153,0.4082687338501293,0.8510638297872362,0.12730528359254153,0.8242094940750949,0.7732640606960265
grenada,0.940803382663848,0.581673195787545,0.4998174701190252,0.5753075917549769,0.6740655355622911,0.6543334351775372,0.940803382663848,0.940803382663848,0.5941939637613127,0.8292517728860925,26.7,16300.0,117000.0,58.3,0.8292517728860923,0.07057347876767883,0.6511627906976745,0.14893617021277095,0.07057347876767883,0.8252669096963362,0.2089064819396373
jamaica,0.9756871035940804,0.4274366642904964,0.5887979775049885,0.5291597908589855,0.4875480821385714,0.6017259236774245,0.9756871035940804,0.9756871035940804,0.5157227485776916,0.8276537223751668,26.69,10700.0,2840000.0,75.6,0.8276537223751665,0.045753314156801395,0.8746770025839793,0.1276595744680904,0.045753314156801395,0.8223656519219508,0.12695860135246947
morocco,1.0,0.3298057810796558,0.4933897536295453,0.4946029998508521,0.4987972030912347,0.5633191475302576,1.0,1.0,0.4587379148901004,0.8258020307213523,26.84,8630.0,38400000.0,73.9,0.825802030721352,0.03657871759528063,0.8527131782945738,0.44680851063829863,0.03657871759528063,0.8195793049633667,0.35695200395843685
viet nam,0.9978858350951374,0.3575428175747559,0.5283454949029345,0.4267850993673596,0.5088554810806823,0.5638829456041738,0.9978858350951374,0.9978858350951374,0.4600372872985236,0.8247864671861213,26.92,13200.0,102000000.0,72.9,0.824786467186121,0.05683374478665739,0.8397932816537469,0.6170212765957501,0.05683374478665739,0.8186029858295994,0.479976909120901
kiribati,0.9566596194503172,0.5479798486876722,0.4803319941313033,0.4488824456964064,0.6699946403535767,0.6207697096638551,0.9566596194503172,0.9566596194503172,0.5458147748677534,0.8244346962869799,26.94,2240.0,136000.0,58.3,0.8244346962869796,0.00825713690536869,0.6511627906976745,0.6595744680851112,0.00825713690536869,0.8197113379227959,0.5663532904502755
latin america & caribbean,0.9833257978312856,0.4376711834860984,0.4850727994358,0.4902908068952206,0.5118161830623729,0.5816353541421555,0.9833257978312856,0.9833257978312856,0.487251889800151,0.8236710395017782,26.7,34500.0,1850000.0,53.5,0.823671039501778,0.15123901375303048,0.5891472868217055,0.14893617021277095,0.15123901375303048,0.817967828487574,0.227511133102428
sri lanka,1.0,0.3648691298194211,0.4468134337860814,0.4001277630038169,0.5076099976218338,0.5438840648462306,1.0,1.0,0.4331423185728,0.8175644300772127,26.95,13200.0,23200000.0,84.3,0.8175644300772125,0.05683374478665739,0.9870801033591731,0.6808510638297847,0.05683374478665739,0.8110474395242666,0.4804717136730973
maldives,1.0,0.3618853509307152,0.4735724806589266,0.3651372854330313,0.5104994793107354,0.5422189192666818,1.0,1.0,0.4309493567646827,0.8168586546235299,26.95,24100.0,530000.0,72.2,0.8168586546235297,0.10514442233282954,0.830749354005168,0.6808510638297847,0.10514442233282954,0.8103164522548942,0.5273709384792988
colombia,0.9862579281183932,0.3820786206994181,0.4847870172340427,0.5297989565928249,0.4196483628090118,0.5605141770907383,0.9862579281183932,0.9862579281183932,0.4586634317409187,0.816458689635088,26.84,15900.0,53400000.0,80.1,0.8164586896350878,0.06880060986690187,0.9328165374677003,0.44680851063829863,0.06880060986690187,0.8103930959925684,0.3329209962064989
mongolia,1.0,0.3398720760300101,0.3996143217738116,0.470890850129512,0.4851637754366059,0.5391082046739879,1.0,1.0,0.4268526108816121,0.8155401717053395,26.89,14000.0,3520000.0,73.2,0.8155401717053393,0.06037948258821131,0.843669250645995,0.5531914893617014,0.06037948258821131,0.8089508702938707,0.43413326735939245
trinidad and tobago,0.9862579281183932,0.367130826508632,0.4917261270986587,0.4804329987173927,0.4614490764986054,0.5573993913883364,0.9862579281183932,0.9862579281183932,0.4545613242917388,0.8151384811684912,26.73,24600.0,1510000.0,74.2,0.815138481168491,0.10736050845880074,0.8565891472868218,0.2127659574468126,0.10736050845880074,0.8090257268428417,0.19195942602672228
tunisia,1.0,0.3745518276024607,0.4364296984308143,0.3764062169836175,0.4960508228778774,0.536687713178954,1.0,1.0,0.4236648743433329,0.814514241297798,26.86,10800.0,12300000.0,78.6,0.8145142412977978,0.04619653138199563,0.91343669250646,0.4893617021276597,0.04619653138199563,0.8078882914477776,0.3685221837374238
philippines,0.9788583509513742,0.3295086088328278,0.5342922908544749,0.5432647177429897,0.4292500214725314,0.5630347979708396,0.9788583509513742,0.9788583509513742,0.4639320541696433,0.8131362032244759,26.9,9840.0,117000000.0,77.3,0.8131362032244757,0.04194164602013093,0.8966408268733851,0.5744680851063819,0.04194164602013093,0.8072162520241305,0.43313541151245183
turkiye,1.0,0.3375974382342321,0.4477535776308965,0.4593942713788979,0.4067985613019155,0.5303087697091884,1.0,1.0,0.4152639395679338,0.811810512700921,26.88,35600.0,87700000.0,67.5,0.8118105127009208,0.15611440323016712,0.7700258397932818,0.5319148936170208,0.15611440323016712,0.8050879798559779,0.44133267359393
argentina,1.0,0.3701832405825648,0.4198535335538248,0.4055008970934228,0.4310017549711372,0.5253078852401899,1.0,1.0,0.4086778795969545,0.8096908773079134,26.87,21900.0,45900000.0,77.7,0.8096908773079132,0.09539364337855627,0.9018087855297158,0.5106382978723474,0.09539364337855627,0.8028926265323181,0.3869041728517284
brazil,0.9978858350951374,0.3373318677993072,0.3834199819719234,0.4451303501043494,0.4554148816748731,0.5238365833291181,0.9978858350951374,0.9978858350951374,0.4072970680036955,0.8078127323666868,26.84,16000.0,213000000.0,75.4,0.8078127323666866,0.0692438270920961,0.8720930232558141,0.44680851063829863,0.0692438270920961,0.8010229127313234,0.3511380504700648
belize,0.9957716701902748,0.4011961909886234,0.4201130534801974,0.4165665854777349,0.3772131361855951,0.5221721272644851,0.9957716701902748,0.9957716701902748,0.4056618764408762,0.805852718631503,26.63,9880.0,423000.0,75.3,0.8058527186315028,0.04211893291020862,0.8708010335917313,0.0,0.04211893291020862,0.7990684056071419,0.0387596899224806
el salvador,0.982029598308668,0.3240605607028295,0.5119790832918595,0.4426964024194883,0.4409248740394664,0.5403381037524624,0.982029598308668,0.982029598308668,0.4332056906086843,0.8053979574770415,26.68,10200.0,6370000.0,72.4,0.8053979574770412,0.04353722803083019,0.8333333333333335,0.10638297872340985,0.04353722803083019,0.7990882957420068,0.12446808510638685
azerbaijan,1.0,0.1781301690702435,0.4940943041663356,0.485103038597691,0.3937302406004588,0.5102115504869458,1.0,1.0,0.3887963233156201,0.8032922640933848,26.84,15700.0,10400000.0,79.6,0.8032922640933846,0.06791417541651339,0.9263565891472868,0.44680851063829863,0.06791417541651339,0.7962654411052067,0.334858980702623
guyana,0.9883720930232558,0.3649225127412643,0.437727355802204,0.3883541830767311,0.4474154403742976,0.5253583170035506,0.9883720930232558,0.9883720930232558,0.4118070390990597,0.8028123349806507,26.74,72800.0,836000.0,58.3,0.8028123349806505,0.3209912110024244,0.6511627906976745,0.23404255319148604,0.3209912110024244,0.7961837417151904,0.2684809500247379
guyana,0.9883720930232558,0.3649225127412643,0.437727355802204,0.3883541830767311,0.4474154403742976,0.5253583170035506,0.9883720930232558,0.9883720930232558,0.4118070390990597,0.8028123349806507,26.99,72800.0,836000.0,58.3,0.8028123349806505,0.3209912110024244,0.6511627906976745,0.7659574468085069,0.3209912110024244,0.7961837417151904,0.6408213755566524
guyana,0.9883720930232558,0.3649225127412643,0.437727355802204,0.3883541830767311,0.4474154403742976,0.5253583170035506,0.9883720930232558,0.9883720930232558,0.4118070390990597,0.8028123349806507,26.7,72800.0,836000.0,58.3,0.8028123349806505,0.3209912110024244,0.6511627906976745,0.14893617021277095,0.3209912110024244,0.7961837417151904,0.2089064819396373
bosnia and herzegovina,1.0,0.3194018446350692,0.2927815378042749,0.4781845965928473,0.4451214666347679,0.5070978891333919,1.0,1.0,0.3846956966102938,0.8019725321844102,26.82,18200.0,3140000.0,71.5,0.80197253218441,0.07899460604636939,0.8217054263565893,0.40425531914893753,0.07899460604636939,0.7948985655367645,0.33646709549727943
panama,0.9682875264270614,0.3086935212938888,0.4559748682679113,0.5335793283634117,0.4465185147130127,0.5426107518130572,0.9682875264270614,0.9682875264270614,0.4398183245402544,0.7982067756641522,26.97,36300.0,4570000.0,82.1,0.798206775664152,0.1592169238065268,0.958656330749354,0.7234042553191458,0.1592169238065268,0.7921311257981257,0.5187860794985958
ukraine,1.0,0.2953347194239174,0.4242013648289707,0.4515310562007405,0.3167435365684978,0.4975621354044253,1.0,1.0,0.3721373089257167,0.7979307829242102,26.87,9860.0,39000000.0,75.8,0.7979307829242099,0.042030289465169776,0.8772609819121447,0.5106382978723474,0.042030289465169776,0.7907124363085721,0.39426851393699974
suriname,0.9957716701902748,0.3601805813120389,0.2929051902086285,0.3532060647791279,0.5144104332239662,0.5032947879428072,0.9957716701902748,0.9957716701902748,0.3808008164352259,0.7978515186837559,26.72,15600.0,640000.0,68.9,0.7978515186837557,0.06747095819131915,0.7881136950904394,0.19148936170212494,0.06747095819131915,0.7907813856052585,0.19760844466435562
paraguay,0.9978858350951374,0.2098284872009657,0.4016530018164086,0.4914652787444029,0.390000081868036,0.4981665369449901,0.9978858350951374,0.9978858350951374,0.3734901552482114,0.7969324292536579,27.0,14700.0,7010000.0,75.9,0.7969324292536577,0.06348200316457099,0.8785529715762276,0.7872340425531945,0.06348200316457099,0.7897539418128288,0.5874979383143678
mexico,0.9968287526427062,0.2183760092211469,0.458420166096859,0.4716462135324574,0.3363469090409328,0.4963236101068204,0.9968287526427062,0.9968287526427062,0.3713414903350889,0.7955240355729258,26.95,20600.0,132000000.0,78.0,0.7955240355729256,0.08963181945103114,0.9056847545219638,0.6808510638297847,0.08963181945103114,0.7883329985401671,0.5048903183242601
timor-leste,1.0,0.4010603402308136,0.3198748355899052,0.4043523808662925,0.3297358226883259,0.4910046758750674,1.0,1.0,0.3635012722435357,0.7951513899202712,26.77,3070.0,1420000.0,58.3,0.795151389920271,0.011935839874480882,0.6511627906976745,0.2978723404255348,0.011935839874480882,0.7878337574145119,0.313161801088572
cuba,1.0,0.4405515431038572,0.398754958734715,0.1884948142967597,0.4209007369463916,0.4897404106163446,1.0,1.0,0.3618362614109937,0.794615528433138,26.69,9020.0,10900000.0,81.4,0.7946155284331378,0.03830726477353816,0.9496124031007754,0.1276595744680904,0.03830726477353816,0.7872787538036645,0.10447798119743064
cuba,1.0,0.4405515431038572,0.398754958734715,0.1884948142967597,0.4209007369463916,0.4897404106163446,1.0,1.0,0.3618362614109937,0.794615528433138,26.74,9020.0,10900000.0,81.4,0.7946155284331378,0.03830726477353816,0.9496124031007754,0.23404255319148604,0.03830726477353816,0.7872787538036645,0.17894606630380758
cuba,1.0,0.4405515431038572,0.398754958734715,0.1884948142967597,0.4209007369463916,0.4897404106163446,1.0,1.0,0.3618362614109937,0.794615528433138,26.68,9020.0,10900000.0,81.4,0.7946155284331378,0.03830726477353816,0.9496124031007754,0.10638297872340985,0.03830726477353816,0.7872787538036645,0.08958436417615426
uzbekistan,1.0,0.2674023798907585,0.4400349224055181,0.3854192115967911,0.3300255984517758,0.4845764224689686,1.0,1.0,0.3550353973160757,0.7924267612032401,26.89,8930.0,37100000.0,76.1,0.7924267612032398,0.03790836927086334,0.8811369509043928,0.5531914893617014,0.03790836927086334,0.7850117991053586,0.4228929572818731
algeria,1.0,0.3176188248701659,0.3568621220646444,0.3063401889169918,0.3669829406696072,0.4695608153042819,1.0,1.0,0.3352601575759145,0.786062364546794,26.81,11800.0,47400000.0,80.3,0.7860623645467938,0.05062870363393803,0.9354005167958658,0.382978723404257,0.05062870363393803,0.7784200525253048,0.2874649513442202
peru,0.959830866807611,0.2873048690985477,0.3952364017897098,0.5705176153641419,0.4005388228922542,0.5226857151904529,0.959830866807611,0.959830866807611,0.4158049178352384,0.7847433848779753,26.97,13000.0,34600000.0,81.8,0.7847433848779751,0.05594731033626891,0.9547803617571059,0.7234042553191458,0.05594731033626891,0.7784888838168201,0.5199488701962702
peru,0.959830866807611,0.2873048690985477,0.3952364017897098,0.5705176153641419,0.4005388228922542,0.5226857151904529,0.959830866807611,0.959830866807611,0.4158049178352384,0.7847433848779753,26.75,13000.0,34600000.0,81.8,0.7847433848779751,0.05594731033626891,0.9547803617571059,0.2553191489361737,0.05594731033626891,0.7784888838168201,0.1922892957281898
peru,0.959830866807611,0.2873048690985477,0.3952364017897098,0.5705176153641419,0.4005388228922542,0.5226857151904529,0.959830866807611,0.959830866807611,0.4158049178352384,0.7847433848779753,26.9,13000.0,34600000.0,81.8,0.7847433848779751,0.05594731033626891,0.9547803617571059,0.5744680851063819,0.05594731033626891,0.7784888838168201,0.4156935510473356
peru,0.959830866807611,0.2873048690985477,0.3952364017897098,0.5705176153641419,0.4005388228922542,0.5226857151904529,0.959830866807611,0.959830866807611,0.4158049178352384,0.7847433848779753,26.77,13000.0,34600000.0,81.8,0.7847433848779751,0.05594731033626891,0.9547803617571059,0.2978723404255348,0.05594731033626891,0.7784888838168201,0.22207652977074258
ecuador,0.9862579281183932,0.3042653174009736,0.3947257405838508,0.3553050465497813,0.3001193333591396,0.4681346732024277,0.9862579281183932,0.9862579281183932,0.3370015624317136,0.7773034427494604,26.97,11100.0,18300000.0,78.3,0.7773034427494602,0.04752618305757835,0.9095607235142119,0.7234042553191458,0.04752618305757835,0.7698391395561667,0.5335147616691385
bangladesh,0.9947145877378436,0.195298072843603,0.3510070389358928,0.3135680359196902,0.409027696698154,0.4527230864270367,0.9947145877378436,0.9947145877378436,0.3144773771739793,0.7757893314381397,26.79,7380.0,176000000.0,68.1,0.7757893314381394,0.031038502280352626,0.7777777777777778,0.3404255319148959,0.031038502280352626,0.7679688508832222,0.30496453900709375
guatemala,1.0,0.1951262928556386,0.3079892438190348,0.4464345836814662,0.2720061779274256,0.444311259656713,1.0,1.0,0.3020070223022715,0.7753602873162401,26.7,9650.0,18700000.0,71.4,0.7753602873162398,0.041099533292261875,0.8204134366925067,0.14893617021277095,0.041099533292261875,0.7673356741007572,0.15813128814118765
kyrgyz republic,1.0,0.1722336605053572,0.3093754415469923,0.3769200188564559,0.2483535895867515,0.4213765420991113,1.0,1.0,0.2718024802481163,0.7656393590754286,26.9,5680.0,7300000.0,74.6,0.7656393590754283,0.023503809452050543,0.8617571059431525,0.5744680851063819,0.023503809452050543,0.7572674934160388,0.4436005277915216
bolivia,0.9978858350951374,0.2603212697256901,0.3634609801153794,0.2575573474797714,0.2375340297897543,0.4233518924411465,0.9978858350951374,0.9978858350951374,0.2749608373916665,0.7652220849358298,26.89,8430.0,12600000.0,77.3,0.7652220849358295,0.035692283144892145,0.8966408268733851,0.5531914893617014,0.035692283144892145,0.756910835860647,0.41824179449117543
russian federation,1.0,0.1990232461501894,0.3477505039634206,0.2692821256871283,0.2451183473770303,0.4122348446355537,1.0,1.0,0.2597630564012387,0.7617646313915466,26.99,27600.0,144000000.0,68.5,0.7617646313915464,0.12065702521462794,0.7829457364341086,0.7659574468085069,0.12065702521462794,0.7532543521337463,0.6012864918357222
belarus,1.0,0.3001944032642485,0.2876897455575591,0.205923960014278,0.2299713630175038,0.4047558943707178,1.0,1.0,0.249913435745226,0.758594662602593,26.84,19200.0,9000000.0,58.3,0.7585946626025928,0.08342677829831179,0.6511627906976745,0.44680851063829863,0.08342677829831179,0.7499711452484087,0.41741712023750666
ghana,0.8890063424947147,0.4304424283155973,0.4811740208774839,0.4698008382012747,0.5054657129534947,0.555177868568513,0.8890063424947147,0.8890063424947147,0.4772512850823234,0.7564884794951516,26.94,5700.0,35100000.0,65.9,0.7564884794951514,0.023592452897089396,0.7493540051679588,0.6595744680851112,0.023592452897089396,0.7517546566905843,0.5368959261091901
tajikistan,1.0,0.1359584014815996,0.334865363997932,0.257322174988544,0.2236808171240102,0.3903653515184171,1.0,1.0,0.2309613925961107,0.7524952007687072,26.8,4730.0,10800000.0,71.9,0.752495200768707,0.019293245812705265,0.8268733850129201,0.36170212765957643,0.019293245812705265,0.743653797532037,0.30512947385782746
nepal,0.9365750528541228,0.3363458610925907,0.3272263989427661,0.3674005096199561,0.418596322892896,0.4772288290804662,0.9365750528541228,0.9365750528541228,0.3620646359698893,0.7516765522869854,27.06,4230.0,29600000.0,64.8,0.7516765522869852,0.017077159686734067,0.7351421188630491,0.9148936170212707,0.017077159686734067,0.7450715805593783,0.7198828962559748
lebanon,1.0,0.1708605178867627,0.1609146207927054,0.2922026836477018,0.2505184999368317,0.3748992644528003,1.0,1.0,0.2105928802735417,0.7459398672594366,26.75,13600.0,5850000.0,69.9,0.7459398672594365,0.05860661368743435,0.8010335917312663,0.2553191489361737,0.05860661368743435,0.7368642934245139,0.23841332673594168
pakistan,0.9534883720930232,0.2232593944204048,0.3767410456130457,0.3163678251125112,0.3235469700169305,0.4386807214511831,0.9534883720930232,0.9534883720930232,0.3068426892743936,0.7453741001189609,26.84,5350.0,255000000.0,60.0,0.7453741001189608,0.022041192608909556,0.6731266149870802,0.44680851063829863,0.022041192608909556,0.73793981115348,0.41082797295068496
cambodia,0.9471458773784356,0.1542565638088039,0.4352760306082107,0.3624580024638515,0.3332999205252496,0.4464872789569103,0.9471458773784356,0.9471458773784356,0.3187943483021747,0.744919334323987,26.95,5220.0,17800000.0,64.0,0.7449193343239869,0.021465010216157043,0.7248062015503877,0.6808510638297847,0.021465010216157043,0.7376953676863486,0.559153884215733
honduras,0.9534883720930232,0.1973480209337863,0.3299346906929477,0.3909422865581116,0.2672847598772003,0.4277996260310138,0.9534883720930232,0.9534883720930232,0.2925125147959708,0.7407621249553152,26.65,6050.0,11000000.0,68.3,0.7407621249553151,0.025143713185269236,0.7803617571059431,0.0425531914893611,0.025143713185269236,0.733163086327339,0.09567870691076982
south africa,0.8699788583509515,0.3877212929222977,0.4458086056325139,0.4606322627153486,0.5499430336106514,0.5428168106463527,0.8699788583509515,0.8699788583509515,0.4659837905429334,0.7399584443098366,26.83,13300.0,64700000.0,69.0,0.7399584443098365,0.05727696201185163,0.789405684754522,0.4255319148936181,0.05727696201185163,0.7353138357482788,0.361050634999176
gabon,0.937632135306554,0.2195381713403076,0.3332527246769448,0.3581552371024692,0.3204821958844229,0.4338120928621397,0.937632135306554,0.937632135306554,0.3046072737883493,0.7339015426547918,26.99,14100.0,2590000.0,75.7,0.7339015426547917,0.06082269981340555,0.8759689922480621,0.7659574468085069,0.06082269981340555,0.7266238481338191,0.5733795150915362
iraq,1.0,0.1492352224358824,0.2019825905831805,0.201920949440758,0.1241520774926877,0.3354581679905017,1.0,1.0,0.1586497833609471,0.7292226756268826,26.78,8910.0,47000000.0,70.4,0.7292226756268825,0.0378197258258245,0.8074935400516797,0.31914893617021534,0.0378197258258245,0.7195499277869825,0.28115619330364683
turkmenistan,1.0,0.1256282300302478,0.2413997231479513,0.0677823386423935,0.1735864221377784,0.3216793427916742,1.0,1.0,0.1405033595329852,0.7233824916061252,26.87,15900.0,7620000.0,25.5,0.7233824916061251,0.06880060986690187,0.227390180878553,0.5106382978723474,0.06880060986690187,0.7135011198443285,0.5892297542470772
botswana,0.7463002114164905,0.6110415798096908,0.5938649610016974,0.614230721124375,0.6227349974185898,0.6376344941541687,0.7463002114164905,0.7463002114164905,0.623433128143305,0.7067570825216711,26.82,16400.0,2560000.0,33.5,0.706757082521671,0.07101669599287307,0.330749354005168,0.40425531914893753,0.07101669599287307,0.7053445169920952,0.4837539172027058
"venezuela, rb",1.0,0.0643293560587678,0.1568634616216652,0.0766962444359813,0.0144700469531737,0.2624718218139176,1.0,1.0,0.0625282960597407,0.6982872593977674,26.72,7240.0,28500000.0,71.2,0.6982872593977673,0.030417998165080687,0.8178294573643412,0.19148936170212494,0.030417998165080687,0.6875094320199135,0.1886937159821851
eswatini,0.8562367864693446,0.2840959821642893,0.3106174444300679,0.3554603385986203,0.3862740022746765,0.4385369107873997,0.8562367864693446,0.8562367864693446,0.3322689534023061,0.687604741109879,26.83,9630.0,1260000.0,62.7,0.6876047411098789,0.04101088984722302,0.7080103359173128,0.4255319148936181,0.04101088984722302,0.6815808421136652,0.3854692396503388
solomon islands,0.8023255813953488,0.4222296245534674,0.3431993718144782,0.3421291662183013,0.466395296473111,0.4752558080909413,0.8023255813953488,0.8023255813953488,0.3948269564103276,0.6711775942943887,26.76,2410.0,839000.0,58.3,0.6711775942943886,0.009010606188198898,0.6511627906976745,0.27659574468085424,0.009010606188198898,0.6664927064003418,0.2982681840672956
solomon islands,0.8023255813953488,0.4222296245534674,0.3431993718144782,0.3421291662183013,0.466395296473111,0.4752558080909413,0.8023255813953488,0.8023255813953488,0.3948269564103276,0.6711775942943887,26.95,2410.0,839000.0,58.3,0.6711775942943886,0.009010606188198898,0.6511627906976745,0.6808510638297847,0.009010606188198898,0.6664927064003418,0.581246907471547
comoros,0.8921775898520085,0.2253875652246869,0.1706618997597681,0.244497783838241,0.2083535234077119,0.3482156724164832,0.8921775898520085,0.8921775898520085,0.2038511197487196,0.6706489134652509,26.75,3270.0,883000.0,58.3,0.6706489134652508,0.012822274324869362,0.6511627906976745,0.2553191489361737,0.012822274324869362,0.6627354331509122,0.2833745670460192
nicaragua,0.8763213530655392,0.1337247129954733,0.2675664811628253,0.3212559445039635,0.2234521286074396,0.3644641240670482,0.8763213530655392,0.8763213530655392,0.2294264560871212,0.668126874844365,26.7,6300.0,7010000.0,71.1,0.6681268748443648,0.026251756248254834,0.8165374677002584,0.14893617021277095,0.026251756248254834,0.6606897207393998,0.15929407883886215
sao tome and principe,0.8023255813953488,0.5361228666925304,0.3068552138510401,0.3080124222466976,0.3630406667058989,0.4632713501783032,0.8023255813953488,0.8023255813953488,0.3790436766681903,0.6660979566192707,26.92,3990.0,240000.0,67.3,0.6660979566192706,0.016013438346267887,0.7674418604651163,0.6170212765957501,0.016013438346267887,0.6612316131529626,0.5016823354774902
senegal,0.7272727272727273,0.4665371067817002,0.5161200258231695,0.4347784693922058,0.4638306661516496,0.5217077990842904,0.7272727272727273,0.7272727272727273,0.4757718613790288,0.6463305343577954,26.98,4060.0,18900000.0,55.2,0.6463305343577953,0.016323690403903857,0.6111111111111112,0.7446808510638334,0.016323690403903857,0.6434391053081612,0.6379432624113499
kenya,0.7484143763213531,0.275828432446437,0.435764494173774,0.425038774769094,0.4512467574766701,0.4672585670374657,0.7484143763213531,0.7484143763213531,0.3984947429545195,0.6357974182522234,26.91,5390.0,57500000.0,64.7,0.6357974182522232,0.022218479498987247,0.7338501291989665,0.5957446808510625,0.022218479498987247,0.6317744985324086,0.49686623783605377
afghanistan,0.8446088794926004,0.1874590404033009,0.0733795735414997,0.238535417226012,0.1345673461152624,0.2957100513557351,0.8446088794926004,0.8446088794926004,0.1472317167129073,0.6201673586111566,26.75,1330.0,43800000.0,55.1,0.6201673586111565,0.004223860156101106,0.6098191214470285,0.2553191489361737,0.004223860156101106,0.6121498252327028,0.295777667821213
cote d'ivoire,0.7082452431289641,0.3812004634054592,0.4237295110006116,0.4835541711657599,0.4189486335697115,0.4831356044541013,0.7082452431289641,0.7082452431289641,0.4299848494749063,0.6186908537884065,26.91,6130.0,32700000.000000004,58.0,0.6186908537884064,0.025498286965424624,0.6472868217054264,0.5957446808510625,0.025498286965424624,0.6154917785776115,0.5228352300841158
syrian arab republic,0.8773784355179705,0.0504717969465096,0.1161860676523516,0.1227320594137814,0.0423121393153216,0.241816099769187,0.8773784355179705,0.8773784355179705,0.0676231490822937,0.6167695172319174,26.79,3200.0,25600000.0,60.7,0.6167695172319173,0.012512022267233395,0.682170542635659,0.3404255319148959,0.012512022267233395,0.6074600067060781,0.3336467095497294
syrian arab republic,0.8773784355179705,0.0504717969465096,0.1161860676523516,0.1227320594137814,0.0423121393153216,0.241816099769187,0.8773784355179705,0.8773784355179705,0.0676231490822937,0.6167695172319174,26.72,3200.0,25600000.0,60.7,0.6167695172319173,0.012512022267233395,0.682170542635659,0.19148936170212494,0.012512022267233395,0.6074600067060781,0.22939139040078974
rwanda,0.6183932346723044,0.6077879510740315,0.5847234145790922,0.5348433820907028,0.5783981503300811,0.5848292265492423,0.6183932346723044,0.6183932346723044,0.5875798593000858,0.6084763615638337,26.96,2730.0,14600000.0,58.5,0.6084763615638336,0.010428901308820467,0.6537467700258398,0.7021276595744723,0.010428901308820467,0.6081221095482315,0.5953653306943787
"gambia, the",0.6501057082452432,0.388536075141648,0.3739849455346893,0.3720493431598292,0.4397386646787095,0.4448829473520238,0.6501057082452432,0.6501057082452432,0.3949206119135654,0.5679777949957339,26.92,2310.0,2820000.0,53.4,0.5679777949957338,0.008567388963004657,0.5878552971576227,0.6170212765957501,0.008567388963004657,0.5650440094680172,0.5555583044697382
cameroon,0.7040169133192389,0.1857037133720065,0.3060313092968899,0.3137128668298565,0.2808788188479158,0.3580687243331816,0.7040169133192389,0.7040169133192389,0.2663881154990235,0.5631719327168038,27.07,3930.0,29900000.0,60.7,0.5631719327168037,0.015747508011151344,0.682170542635659,0.9361702127659584,0.015747508011151344,0.5581406473791671,0.7506679861454731
myanmar,0.7547568710359408,0.1732912787832305,0.1237979849469717,0.2022357484632407,0.1423921047036839,0.2792947975866135,0.7547568710359408,0.7547568710359408,0.1492798139130957,0.5598921711111424,26.84,4280.0,54900000.0,62.8,0.5598921711111423,0.017298768299331184,0.7093023255813954,0.44680851063829863,0.017298768299331184,0.5529311853283257,0.3999752597723904
myanmar,0.7547568710359408,0.1732912787832305,0.1237979849469717,0.2022357484632407,0.1423921047036839,0.2792947975866135,0.7547568710359408,0.7547568710359408,0.1492798139130957,0.5598921711111424,26.69,4280.0,54900000.0,62.8,0.5598921711111423,0.017298768299331184,0.7093023255813954,0.1276595744680904,0.017298768299331184,0.5529311853283257,0.17657100445324464
vanuatu,0.5940803382663848,0.4498081766417025,0.3787182651371354,0.482820390209105,0.5631387222202433,0.4937131784949142,0.5940803382663848,0.5940803382663848,0.4739858497670713,0.5554295319497173,26.94,2770.0,335000.0,65.4,0.5554295319497172,0.010606188198898163,0.7428940568475454,0.6595744680851112,0.010606188198898163,0.554048842099947,0.5388339106053142
namibia,0.5422832980972516,0.4785583935098226,0.5077722262791013,0.4950177462299397,0.6359033497348008,0.5319070027701832,0.5422832980972516,0.5422832980972516,0.5379294384972133,0.5408820665650318,26.81,9980.0,3090000.0,66.9,0.5408820665650317,0.04256215013540286,0.7622739018087856,0.382978723404257,0.04256215013540286,0.5408320115639055,0.3394029358403442
fragile and conflict affected situations,0.5660688087288267,0.4376711834860984,0.4850727994358,0.4902908068952206,0.5118161830623729,0.4981839563216638,0.5660688087288267,0.5660688087288267,0.487251889800151,0.540702636591742,26.93,24000.0,94200.0,62.2,0.5407026365917419,0.10470120510763531,0.7015503875968994,0.6382978723404236,0.10470120510763531,0.5397965024192681,0.5363433943592266
djibouti,0.6321353065539113,0.2735239416369406,0.3436574900509662,0.3095423002997821,0.2600679071109861,0.3637853891305173,0.6321353065539113,0.6321353065539113,0.2928501568844948,0.5229409149555898,26.76,5820.0,1180000.0,56.3,0.5229409149555897,0.024124313567322482,0.6253229974160207,0.27659574468085424,0.024124313567322482,0.5190402566641058,0.30602012205179174
libya,0.7167019027484144,0.1022955863406228,0.1489656695144475,0.0938060461217372,0.105820340966391,0.2335179091383226,0.7167019027484144,0.7167019027484144,0.0990161308593377,0.5179079911195522,26.74,22300.0,7460000.0,75.7,0.5179079911195521,0.09716651227933322,0.8759689922480621,0.23404255319148604,0.09716651227933322,0.5108066454520556,0.20103908955962158
benin,0.5454545454545455,0.4418198144101307,0.4539807503089835,0.4452670749016,0.408297288339536,0.4589638946829592,0.5454545454545455,0.5454545454545455,0.4410296016000177,0.5118467726917405,27.01,3780.0,14800000.0,58.7,0.5118467726917404,0.015082682173359984,0.6563307493540053,0.8085106382978751,0.015082682173359984,0.5106462308363696,0.6690582220023109
togo,0.5687103594080338,0.3107459931398838,0.3766847174969191,0.4032229460607943,0.4030831644888299,0.4124894361188921,0.5687103594080338,0.5687103594080338,0.3736982304428887,0.5059483116220033,26.94,2430.0,9720000.0,55.5,0.5059483116220032,0.009099249633237745,0.6149870801033592,0.6595744680851112,0.009099249633237745,0.5037063164196521,0.57720600362857
equatorial guinea,0.6501057082452432,0.0918588685026129,0.2168915009623513,0.1942320886897364,0.208975264072196,0.272412686094428,0.6501057082452432,0.6501057082452432,0.1677808947505978,0.4948759122649651,27.03,12300.0,1940000.0,58.3,0.49487591226496497,0.05284478975990923,0.6511627906976745,0.8510638297872362,0.05284478975990923,0.4893307704136947,0.7003958436417629
nigeria,0.5898520084566596,0.2136826189431025,0.3185934928425826,0.3087304321481146,0.3168938371539798,0.3495504779088878,0.5898520084566596,0.5898520084566596,0.2852403207014605,0.4918168072385231,27.09,5050.0,238000000.0,58.1,0.491816807238523,0.020711540933326833,0.6485788113695091,0.9787234042553195,0.020711540933326833,0.48831477920492655,0.7905327395678708
lesotho,0.5486257928118393,0.3359890513986471,0.2958396925937329,0.3825795202694458,0.4144452069930595,0.3954958528133449,0.5486257928118393,0.5486257928118393,0.3566082282076341,0.486827505549408,26.82,2350.0,2360000.0,55.5,0.4868275055494079,0.008744675853082353,0.6149870801033592,0.40425531914893753,0.008744675853082353,0.48461993794377095,0.3984825993732485
zimbabwe,0.5983086680761099,0.1630011856714551,0.2491848333609035,0.2232138862576628,0.2237020400573166,0.2914821226846896,0.5983086680761099,0.5983086680761099,0.2065380659614923,0.4722225349644905,26.87,2330.0,17000000.0,61.5,0.4722225349644904,0.008656032408043506,0.6925064599483205,0.5106382978723474,0.008656032408043506,0.4677184673712374,0.449694870526147
sudan,0.6405919661733616,0.1075771763155623,0.0755218382951422,0.1668166689002373,0.1286960957818378,0.2238407490932283,0.6405919661733616,0.6405919661733616,0.1063185520919768,0.4686432072765507,26.94,2930.0,51700000.0,58.3,0.46864320727655057,0.011315335759208945,0.6511627906976745,0.6595744680851112,0.011315335759208945,0.4625008281462333,0.5663532904502755
ethiopia,0.5285412262156448,0.3462101458494952,0.3356523665789659,0.2907931213849071,0.368935807102021,0.3740265334262068,0.5285412262156448,0.5285412262156448,0.3336237754146092,0.4658096493315611,26.92,2710.0,135000000.0,52.3,0.465809649331561,0.010340257863781618,0.5736434108527132,0.6170212765957501,0.010340257863781618,0.4635687426152996,0.5598218703612111
zambia,0.4830866807610994,0.3433002553986025,0.3592656132684508,0.4021856873442916,0.4026936780219156,0.398106382958872,0.4830866807610994,0.4830866807610994,0.3773089688902925,0.4490435376891158,26.84,3550.0,21900000.0,62.9,0.4490435376891157,0.014063282555413234,0.7105943152454781,0.44680851063829863,0.014063282555413234,0.4478274434708304,0.3995876628731656
mali,0.5190274841437632,0.2549064967674263,0.2560167794657502,0.3635351569671,0.2953673075032171,0.3377706449694513,0.5190274841437632,0.5190274841437632,0.288381410406351,0.4447971274044905,26.99,2220.0,25200000.0,46.7,0.4447971274044904,0.008168493460329843,0.5012919896640827,0.7659574468085069,0.008168493460329843,0.44214545956462575,0.68578261586673
uganda,0.4873150105708245,0.2133143426194948,0.3828292296269159,0.3980822549177376,0.4156635074828101,0.3794408690435565,0.4873150105708245,0.4873150105708245,0.3516131541653552,0.443641181452763,26.98,2480.0,51400000.0,58.6,0.4436411814527629,0.009320858245834866,0.6550387596899225,0.7446808510638334,0.009320858245834866,0.4420810584356681,0.6247649678377065
tanzania,0.4534883720930233,0.3796149755390462,0.4031565326782884,0.3829532774569719,0.4399339855524886,0.4118294286639637,0.4534883720930233,0.4534883720930233,0.4031780026553602,0.4372966519803536,26.89,2830.0,70500000.0,56.9,0.4372966519803535,0.010872118534014706,0.6330749354005168,0.5531914893617014,0.010872118534014706,0.43671824894713557,0.4973115619330359
angola,0.4830866807610994,0.3128756727112274,0.2839346361868334,0.3461063413340556,0.266313753627474,0.3384634169241379,0.4830866807610994,0.4830866807610994,0.2987604334088266,0.4237637411781429,26.79,5760.0,39000000.0,62.6,0.4237637411781428,0.02385838323220594,0.70671834625323,0.3404255319148959,0.02385838323220594,0.4216445983103418,0.3262823684644581
mauritania,0.474630021141649,0.2639222440709988,0.3367423733655415,0.2958988807038654,0.3763697385274717,0.3495126515619052,0.474630021141649,0.474630021141649,0.3155394923851948,0.423428860367172,26.91,5880.0,5320000.0,58.8,0.42342886036717187,0.024390243902439025,0.6576227390180879,0.5957446808510625,0.024390243902439025,0.4215998448894976,0.5197344548903173
guinea,0.4830866807610994,0.2466586570338208,0.3056705142405431,0.2790830192410298,0.2627483293572188,0.3154494401267424,0.4830866807610994,0.4830866807610994,0.2684515085980265,0.4140092187419583,26.89,2950.0,15100000.0,51.4,0.4140092187419582,0.011403979204247794,0.562015503875969,0.5531914893617014,0.011403979204247794,0.41154162337340844,0.5186293913904002
"korea, dem. people's rep.",0.5507399577167019,0.0886133733930191,0.1816411349322435,0.0,0.1361879338667149,0.1914364799817359,0.5507399577167019,0.5507399577167019,0.0873094513955596,0.4015910420180769,26.93,1240.0,113000000.0,51.7,0.40159104201807677,0.0038249646534262906,0.5658914728682172,0.6382978723404236,0.0038249646534262906,0.39626312227632116,0.5770410687778313
"congo, rep.",0.4852008456659619,0.1436568716960408,0.2138910215446441,0.2442903384427188,0.2850928262292183,0.2744263807157168,0.4852008456659619,0.4852008456659619,0.2138681374890514,0.3978760393224753,26.98,3260.0,6480000.0,61.8,0.3978760393224752,0.012777952602349938,0.6963824289405685,0.7446808510638334,0.012777952602349938,0.3947566096069917,0.6123618670625128
eritrea,0.5179704016913319,0.1137448240374363,0.1149818520818027,0.0049707674651867,0.1076677345548465,0.1718671159661208,0.5179704016913319,0.5179704016913319,0.0701683729941142,0.3738513026746783,26.77,2160.0,3610000.0,58.3,0.37385130267467825,0.007902563125213298,0.6511627906976745,0.2978723404255348,0.007902563125213298,0.36870305879225934,0.313161801088572
haiti,0.4852008456659619,0.1209683892452241,0.0220767208958007,0.2120863070347236,0.2030119335926434,0.2086688392868708,0.4852008456659619,0.4852008456659619,0.1272668344436988,0.3700045671791382,26.74,2600.0,11900000.0,54.9,0.37000456717913816,0.009852718916067954,0.6072351421188631,0.23404255319148604,0.009852718916067954,0.36588950859187425,0.28165924459838126
somalia,0.474630021141649,0.0544737878606584,0.0748457982535772,0.1078851137438084,0.0,0.1423669441999386,0.474630021141649,0.474630021141649,0.0427329398894801,0.3356297169244659,26.84,1150.0,19700000.0,58.3,0.33562971692446586,0.003426069150751475,0.6511627906976745,0.44680851063829863,0.003426069150751475,0.33066432739092605,0.41741712023750666
madagascar,0.3594080338266385,0.2230696189562169,0.2809496053002939,0.337978747536617,0.296014278926452,0.2994840569092437,0.3594080338266385,0.3594080338266385,0.2800018705781827,0.3338522212792268,26.88,1580.0,32700000.000000004,56.8,0.33385222127922676,0.005331903219086707,0.6317829457364341,0.5319148936170208,0.005331903219086707,0.3329393127438199,0.4828055418109843
mozambique,0.3234672304439746,0.2625909903124546,0.3468534755063538,0.3573652687860082,0.2837202387226296,0.3147994407542842,0.3234672304439746,0.3234672304439746,0.3096385667861168,0.3190166598363047,26.86,1330.0,35600000.0,49.1,0.3190166598363046,0.004223860156101106,0.5322997416020673,0.4893617021276597,0.004223860156101106,0.31885767589135533,0.48286326900874166
guinea-bissau,0.3710359408033827,0.1820655273445374,0.1927307937419392,0.2420605162653181,0.1855846819713486,0.2346954920253052,0.3710359408033827,0.3710359408033827,0.1916139473944694,0.3132913698171968,26.87,2020.0,2250000.0,58.3,0.31329136981719674,0.007282059009941362,0.6511627906976745,0.5106382978723474,0.007282059009941362,0.31122860966707827,0.4620979713013408
sierra leone,0.3181818181818182,0.3210131667083918,0.2523603020377741,0.2816128882040955,0.3299891571919632,0.3006314664648085,0.3181818181818182,0.3181818181818182,0.2923717971882402,0.3098752078209471,26.82,1730.0,8820000.0,48.6,0.309875207820947,0.005996729056878067,0.5258397932816539,0.40425531914893753,0.005996729056878067,0.3095784778506255,0.42522678541976006
liberia,0.2864693446088795,0.2488043021038859,0.2093538238681659,0.3115345886124203,0.2824502572524731,0.2677224632891649,0.2864693446088795,0.2864693446088795,0.2573842626773532,0.2771086996493379,26.84,1600.0,5730000.0,51.7,0.2771086996493378,0.005420546664125555,0.5658914728682172,0.44680851063829863,0.005420546664125555,0.27677431729837076,0.44299851558634384
burkina faso,0.1723044397463002,0.4141974322101367,0.3232603478342006,0.4048410011025325,0.3518085433545594,0.3332823528495459,0.1723044397463002,0.1723044397463002,0.3737958194620783,0.2371517478050472,27.1,2290.0,24100000.0,48.7,0.23715174780504714,0.00847874551796581,0.5271317829457365,1.0,0.00847874551796581,0.23946823298489286,0.841860465116279
papua new guinea,0.1596194503171247,0.3020063502085372,0.3283918135513179,0.3713847053785329,0.4001385110178262,0.3123081660946678,0.1596194503171247,0.1596194503171247,0.3495144283720523,0.2207346114625154,26.89,3970.0,10800000.0,59.8,0.22073461146251536,0.015924794901229042,0.6705426356589148,0.5531914893617014,0.015924794901229042,0.2229177763354339,0.4860712518555165
niger,0.1553911205073996,0.3234786155312049,0.3631520993091118,0.33427715486888,0.3598702485767445,0.3072338477586681,0.1553911205073996,0.1553911205073996,0.3439453818754583,0.2160747899029421,26.99,1380.0,27900000.0,42.4,0.21607478990294204,0.004445468768698227,0.44573643410852715,0.7659574468085069,0.004445468768698227,0.21824254096341913,0.7024492825333967
niger,0.1553911205073996,0.3234786155312049,0.3631520993091118,0.33427715486888,0.3598702485767445,0.3072338477586681,0.1553911205073996,0.1553911205073996,0.3439453818754583,0.2160747899029421,26.98,1380.0,27900000.0,42.4,0.21607478990294204,0.004445468768698227,0.44573643410852715,0.7446808510638334,0.004445468768698227,0.21824254096341913,0.6875556655121252
malawi,0.1078224101479915,0.3145115053912645,0.3160964122813667,0.3437799059706132,0.4920996097519039,0.314861968708628,0.1078224101479915,0.1078224101479915,0.3665208559892943,0.1910810479887467,26.89,1470.0,22200000.0,52.1,0.19108104798874664,0.004844364271373042,0.5710594315245479,0.5531914893617014,0.004844364271373042,0.19405522542842576,0.5159162130958266
central african republic,0.1289640591966173,0.1514545913509914,0.1276282198575417,0.1955123340125791,0.1082790349053637,0.1423676478646186,0.1289640591966173,0.1289640591966173,0.1337808311694426,0.1305142728901815,27.05,833.0,5510000.0,42.8,0.13051427289018147,0.002021070546885734,0.45090439276485794,0.8936170212765973,0.002021070546885734,0.13056964985422573,0.7902605970641606
central african republic,0.1289640591966173,0.1514545913509914,0.1276282198575417,0.1955123340125791,0.1082790349053637,0.1423676478646186,0.1289640591966173,0.1289640591966173,0.1337808311694426,0.1305142728901815,26.89,833.0,5510000.0,42.8,0.13051427289018147,0.002021070546885734,0.45090439276485794,0.5531914893617014,0.002021070546885734,0.13056964985422573,0.5519627247237335
burundi,0.0655391120507399,0.0951602977219868,0.242774462787593,0.2983223735978324,0.2299441782655656,0.1863480848847435,0.0655391120507399,0.0655391120507399,0.2084080094595559,0.1115195575435033,26.88,733.0,14400000.0,46.7,0.11151955754350328,0.0015778533216914943,0.5012919896640827,0.5319148936170208,0.0015778533216914943,0.11316207785367856,0.5219528286326898
chad,0.0697674418604651,0.1121013103614497,0.1827069296105904,0.2619659556968733,0.2052536629741722,0.1663590601007101,0.0697674418604651,0.0697674418604651,0.1809691586761661,0.1055562284436989,27.02,1450.0,21000000.0,42.8,0.10555622844369887,0.004755720826334194,0.45090439276485794,0.8297872340425485,0.004755720826334194,0.10683468079903209,0.7455797460003265
south sudan,0.0,0.0,0.0,0.0573141412403021,0.0176520606769379,0.014993240383448,0.0,0.0,0.0,0.0,27.03,377.0,12200000.0,58.3,0.0,0.0,0.6511627906976745,0.8510638297872362,0.0,0.0,0.7003958436417629
