Country Name,Access to clean fuels and technologies for cooking (% of population),Access to electricity (% of population),Adjusted savings: natural resources depletion (% of GNI),Adjusted savings: net forest depletion (% of GNI),CO2 emissions (metric tons per capita),Control of Corruption: Estimate,Government Effectiveness: Estimate,Regulatory Quality: Estimate,Renewable energy consumption (% of total final energy consumption),Rule of Law: Estimate,ESG_Proxy,E_Score,S_Score,G_Score,ESG_Final
Singapore,,1.0,,,,0.9227106915019596,1.0,1.0,,0.9488231783641773,0.9743067739732274,1.0,1.0,1.0,1.0000000000000002
Denmark,,1.0,,,,1.0,0.9350269679516892,0.9000896001605527,,0.986094928069803,0.9642422992364089,1.0,1.0,0.9867452978360112,0.9957341512293599
Finland,,1.0,,,,0.9644384700926425,0.8753884779516867,0.8842489732722469,,1.0,0.9448151842633152,1.0,1.0,0.9611601948269172,0.9874999277162456
Switzerland,,1.0,,,,0.9185260300448743,0.9607038124973284,0.8766302427761132,,0.9508691661215685,0.9413458502879768,1.0,1.0,0.9565911547375926,0.9860294432189777
Luxembourg,,1.0,,,,0.8965866367239499,0.9131910850375949,0.9191619825564059,,0.9486459497557909,0.9355171308147483,1.0,1.0,0.9489148534267595,0.9835589282194896
Norway,,1.0,,,,0.939586936886298,0.8885906335812176,0.8485453101115688,,0.9681591818125624,0.9289764124783293,1.0,1.0,0.9403008645445956,0.9807866310053643
New Zealand,,1.0,,,,0.9328154805864748,0.8304770573145137,0.9151502374399179,,0.9374647728545689,0.9231815096390952,1.0,1.0,0.9326690990315567,0.9783304492572705
Sweden,,1.0,,,,0.9199635833009228,0.8458486281062791,0.87420998724909,,0.9131327939190147,0.9106309985150614,1.0,1.0,0.9161403390808428,0.973010888738776
Netherlands,,1.0,,,,0.8828811613314751,0.8510470588434569,0.8897479012848367,,0.9223408655824705,0.9092033974084479,1.0,1.0,0.9142602183619821,0.9724057970092164
Australia,,1.0,,,,0.8631151058142237,0.8433722439576607,0.9219612512314057,,0.8937888033451922,0.9044474808696965,1.0,1.0,0.9079967760178598,0.9703899917883158
Liechtenstein,,1.0,,,,0.8467692880643959,0.8515395128518708,0.853594891592387,,0.9391315433063233,0.8982070471629953,1.0,1.0,0.8997782556956966,0.9677449708456325
Ireland,,1.0,,,,0.8157302462752255,0.8436447488620562,0.8808867328335384,,0.9202061922072633,0.8920935840356167,1.0,1.0,0.891726952963772,0.9651537666498609
Canada,,1.0,,,,0.8378703330474363,0.827641199703163,0.8585959506557217,,0.8817817006227415,0.8811778368058125,1.0,1.0,0.877351142778751,0.9605271042438704
Iceland,,1.0,,,,0.8102113958218564,0.8358897915130916,0.7818605785141708,,0.9411521148895516,0.8738227761477342,1.0,1.0,0.8676646821367208,0.9574096463251311
Monaco,,1.0,,,,0.7411876893605538,0.9365992280969481,0.7959400270029406,,0.8827133132287875,0.871288051537846,1.0,1.0,0.8643265029817875,0.9563352979717643
Japan,,1.0,,,,0.774394664824105,0.8522812219818949,0.8212397322781326,,0.8967453234025612,0.8689321884973389,1.0,1.0,0.861223880762782,0.9553367604705097
Germany,,1.0,,,,0.836182461619847,0.7563040913510145,0.8186090352042192,,0.9004945941851386,0.8623180364720439,1.0,1.0,0.8525131812523631,0.952533338233012
Estonia,,1.0,,,,0.8071775670149064,0.7731064989404415,0.8127875384884848,,0.8706268527100192,0.8527396914307703,1.0,1.0,0.8398987017026701,0.9484735365555724
Austria,,1.0,,,,0.7141022207789267,0.7867139603859634,0.7982454893068109,,0.9472414993237898,0.8492606339590981,1.0,1.0,0.8353168559725874,0.9469989307339466
United Kingdom,,1.0,,,,0.7940129160336016,0.7510786641773146,0.8355617674632065,,0.8639212615482071,0.8489149218444659,1.0,1.0,0.8348615603676247,0.9468523999275444
Andorra,,1.0,,,,0.7411876893605538,0.8187367125310114,0.7959400270029406,,0.8827133132287875,0.8477155484246588,1.0,1.0,0.8332820107260727,0.9463440429827249
United States,,1.0,,,,0.7117502723873202,0.7631462509366005,0.8051386941319969,,0.847006384023788,0.825408320295941,1.0,1.0,0.8039038590905335,0.9368890774551986
San Marino,,1.0,,,,0.7411876893605538,0.7598054419170392,0.7066379962064657,,0.8827133132287875,0.8180688881425693,1.0,1.0,0.7942379808614529,0.9337782437110271
Belgium,,1.0,,,,0.7608600367272307,0.7243593773841619,0.7571063759167532,,0.8392766437026348,0.8163204867461561,1.0,1.0,0.7919353728885021,0.9330371801043799
France,,1.0,,,,0.7258769955433215,0.7475231924281873,0.7539712082041319,,0.8118053251135163,0.8078353442578313,1.0,1.0,0.7807606181752418,0.9294407346266929
"Korea, Rep.",,1.0,,,,0.6589742178044065,0.80353199614064,0.7473721086441039,,0.8280605516530677,0.8075877748484436,1.0,1.0,0.7804345744549128,0.9293358018121844
United Arab Emirates,,1.0,,,,0.7002976056744568,0.8464725999256932,0.7303043546419455,,0.7403367691569852,0.8034822658798161,1.0,1.0,0.7750277052407978,0.927595673206903
Brunei Darussalam,,1.0,,,,0.74732721915083,0.8028818234070714,0.7163531566663679,,0.7415221298856643,0.8016168658219867,1.0,1.0,0.7725710124843675,0.9268050194717076
Lithuania,,1.0,,,,0.6330761077518646,0.7271792219000852,0.7932768039129127,,0.8325337983057429,0.7972131863741211,1.0,1.0,0.7667714590020973,0.9249385106821084
Czechia,,1.0,,,,0.6299152956226066,0.740932777179369,0.7861300180393701,,0.802619702977633,0.7919195587637957,1.0,1.0,0.7597998624531739,0.9226947954933642
Israel,,1.0,,,,0.6440789149912911,0.7476832463964252,0.7472176291108915,,0.7168736183164416,0.77117068176301,1.0,1.0,0.732474026572583,0.9139003403667426
Uruguay,,1.0,,,,0.8154215251023449,0.6841531764464,0.6520750709592744,,0.7010365605817621,0.7705372666179563,1.0,1.0,0.7316398321100412,0.9136318660262045
Qatar,,1.0,,,,0.6148195873955522,0.7588864339467782,0.7163849463401981,,0.7525368893232876,0.7685255714011632,1.0,1.0,0.7289904716972451,0.9127792047804004
Latvia,,1.0,,,,0.6138770606123307,0.6510688253619514,0.7579578922918112,,0.7781350273189642,0.7602077611170116,1.0,1.0,0.7180360899877187,0.9092536834091498
Slovenia,,1.0,,,,0.6319488941642706,0.724848469669017,0.6640690330541001,,0.777883033511383,0.7597498860797541,1.0,1.0,0.717433078165853,0.9090596121122497
Portugal,,1.0,,,,0.6134624102756808,0.7137096167825047,0.6691670480835064,,0.78478824575826,0.7562254641799904,1.0,1.0,0.7127914884353217,0.9075657784824307
Chile,,1.0,,,,0.6761214651850909,0.6555883419122298,0.7054562937942745,,0.6788858798661601,0.743210396151551,1.0,1.0,0.6956509167838347,0.9020493145436015
Mauritius,,1.0,,,,0.5575174922338278,0.6539914462355448,0.7350088455021333,,0.7219996841091894,0.7337034936161391,1.0,1.0,0.6831305255161242,0.8980197939224289
Seychelles,,1.0,,,,0.8280550626459289,0.6356089259252172,0.5532372266576825,,0.6329044693871599,0.7299611369231978,1.0,1.0,0.6782019202333384,0.8964335881724678
Spain,,1.0,,,,0.5980575831098855,0.6630172120759478,0.6560481454102334,,0.7262152746528547,0.7286676430497844,1.0,1.0,0.6764984159282087,0.8958853380755654
Barbados,,1.0,,,,0.7626414791447523,0.5830186165578592,0.6154390334232869,,0.628420261831094,0.7179038781913984,1.0,1.0,0.6623227633390886,0.8913230937171361
Georgia,,1.0,,,,0.5953712096410989,0.6714601166400035,0.7098965012518578,,0.5717289041546947,0.709691346337531,1.0,1.0,0.6515070311144284,0.8878421948298347
Cyprus,,1.0,,,,0.5297906604904882,0.6599333567815694,0.674045023725202,,0.6795909576269592,0.7086719997248437,1.0,1.0,0.6501645730024702,0.887410142625592
Bhutan,,1.0,,,,0.8056358813994979,0.6230288816192404,0.4228610488083718,,0.6890794629696472,0.7081210549593514,1.0,1.0,0.6494389903003056,0.8871766235287665
Palau,,1.0,,,,0.588679772859783,0.5963352889155048,0.5937661757261055,,0.7531549074168079,0.7063872289836401,1.0,1.0,0.6471555778507548,0.8864417377448186
Malaysia,,1.0,,,,0.5212565184909287,0.6895607140875674,0.6490469521802558,,0.6661609057194868,0.7052050180956477,1.0,1.0,0.6455986309036837,0.8859406551751806
Bahrain,,1.0,,,,0.49414028134829857,0.6512061171256313,0.7378857094193265,,0.6414794615205545,0.7049423138827622,1.0,1.0,0.6452526549645435,0.8858293074423993
Saudi Arabia,,1.0,,,,0.5765817104623345,0.6725698703447383,0.6184131326087957,,0.628510102729552,0.6992149632290842,1.0,1.0,0.6377098542632297,0.883401757830134
Poland,,1.0,,,,0.5833372561276935,0.5918434552605666,0.674457235753795,,0.639079587055346,0.6977435068394802,1.0,1.0,0.6357719770563697,0.882778077946704
Italy,,1.0,,,,0.5798231867651179,0.6326581794865783,0.6454553030330341,,0.6227164059578597,0.696130615048518,1.0,1.0,0.6336478323919951,0.8820944503711405
Samoa,,1.0,,,,0.6205440416511887,0.6071575110681543,0.4506562498270225,,0.7448289139189557,0.6846373432930642,1.0,1.0,0.6185114345180925,0.8772230029811167
Malta,,1.0,,,,0.47848350208481494,0.5866548915669653,0.654683855502424,,0.6973670754772233,0.6834378649262856,1.0,1.0,0.6169317466635801,0.8767146015543028
Croatia,,1.0,,,,0.4950938564212282,0.6545330814897705,0.645427296635083,,0.6155968178379442,0.6821302104768051,1.0,1.0,0.6152095931767348,0.8761603494674719
Costa Rica,,1.0,,,,0.6036680020078129,0.5571332681655098,0.6240525623467357,,0.6224670578855795,0.6814641780811276,1.0,1.0,0.6143324424791451,0.875878050236702
St. Kitts and Nevis,,1.0,,,,0.5483671629083835,0.5830116364906217,0.6237077891150224,,0.6440583046464791,0.6798289786321015,1.0,1.0,0.6121789190969192,0.8751849675133819
Dominica,,1.0,,,,0.5785311609501684,0.557268571123267,0.5739356654698476,,0.6788281728848675,0.67771271408563,1.0,1.0,0.6093918430698843,0.8742879843374107
"Bahamas, The",,1.0,,,,0.7447669237441157,0.5593197036571397,0.5098091630229251,,0.5722762040969563,0.6772343989042273,1.0,1.0,0.6087619120068338,0.8740852494424538
St. Vincent and the Grenadines,,1.0,,,,0.622896319228337,0.5170154199308534,0.5759279728258206,,0.6662319768731645,0.6764143377716352,1.0,1.0,0.6076819086928995,0.8737376648078061
Slovak Republic,,1.0,,,,0.5205532615895399,0.5505279304567693,0.6364854733124414,,0.6736864751466191,0.6762506281010738,1.0,1.0,0.6074663064899631,0.8736682761198548
St. Lucia,,1.0,,,,0.5784423082863195,0.5170154199308534,0.592876598072235,,0.6740843908834155,0.6724837434345646,1.0,1.0,0.6025053983803703,0.8720716741367441
Antigua and Barbuda,,1.0,,,,0.5284295811503538,0.5830116364906217,0.6245827541831983,,0.6199010512112522,0.6711850046070852,1.0,1.0,0.6007949865807288,0.8715212009550373
Oman,,1.0,,,,0.5027404902000647,0.5602367420679879,0.6008338365428797,,0.6759470170610993,0.6679516171744063,1.0,1.0,0.5965366831399979,0.8701507228957861
Cabo Verde,,0.985200845665962,,,,0.6798616575819693,0.5040653035507424,0.5600163365153302,,0.6250487749503895,0.6708385836528787,0.985200845665962,0.985200845665962,0.6042367926292075,0.8625926559685605
Tuvalu,,1.0,,,,0.601972161546927,0.4043038363219398,0.46767716674684273,,0.7711868272219605,0.649027998367534,1.0,1.0,0.5716146740228841,0.8621299072909695
Hungary,,1.0,,,,0.45311427839104407,0.5813644176085955,0.5760777042208506,,0.6315044903191336,0.6484121781079246,1.0,1.0,0.5708036516554863,0.8618688905796075
Greece,,1.0,,,,0.47574518416641765,0.5329815458570146,0.6315900158892503,,0.5803144043499943,0.6441262300525354,1.0,1.0,0.5651591479481352,0.8600522824881563
Fiji,,0.992600422832981,,,,0.569730893015084,0.6067703675410864,0.4890618845035441,,0.6022680455335756,0.6520863226852542,0.992600422832981,0.992600422832981,0.577591440602651,0.8590353276125332
Jordan,,1.0,,,,0.4736308117227148,0.5842607734130062,0.5546494645090378,,0.5909889692948374,0.6407060037879193,1.0,1.0,0.5606547816839829,0.8586026123972922
Kuwait,,1.0,,,,0.5007738774869084,0.5027443308381476,0.5766340869906647,,0.6110653864027238,0.6382435363436889,1.0,1.0,0.5574117637008992,0.8575588903954591
Marshall Islands,,1.0,,,,0.5479798486876722,0.5161846395613892,0.41821481150983175,,0.6913058028719824,0.6347370205261751,1.0,1.0,0.5527937559051787,0.8560726462962365
Romania,,1.0,,,,0.46254758891342673,0.4811730826101737,0.5762036377949561,,0.6339790372758293,0.6307806693188771,1.0,1.0,0.547583324334713,0.8543957385215932
Nauru,,1.0,,,,0.588679772859783,0.4865242023181729,0.5103208019894847,,0.5249024214846318,0.6220854397304144,1.0,1.0,0.5361318893163556,0.8507102471849531
Montenegro,,1.0,,,,0.4349783273155481,0.5543060682754252,0.5879824355958216,,0.519220372870679,0.6192974408114947,1.0,1.0,0.5324601532079013,0.8495285479833733
Bulgaria,,1.0,,,,0.4215367609997218,0.511262891022982,0.5951594559375059,,0.5276669776454553,0.611125217121133,1.0,1.0,0.5216975059892665,0.8460647337958932
China,,1.0,,,,0.45199315252584416,0.6472915183509308,0.4323442804917685,,0.5197052912238581,0.6102668485184803,1.0,1.0,0.5205670525406171,0.8457009124595462
Thailand,,1.0,,,,0.3406898277772582,0.5380840102929305,0.5419873416159479,,0.5879032503521399,0.6017328860076552,1.0,1.0,0.5093280028815398,0.8420837745127127
India,,0.9947145877378436,,,,0.3690025549187103,0.6033974232671202,0.4791050657099155,,0.5743814748666417,0.6041202213000463,0.9947145877378436,0.9947145877378436,0.5138642288177986,0.8399593252594583
Indonesia,,0.9936575052854124,,,,0.3411911567815823,0.6260471704732075,0.5724715504001661,,0.49255211606479965,0.6051838998010336,0.9936575052854124,0.9936575052854124,0.5155435021812607,0.8397829023608099
Albania,,1.0,,,,0.3767796524711446,0.5551224185748214,0.5449045107515871,,0.4900412811725742,0.5933695725940255,1.0,1.0,0.4983136945047473,0.8385389665443946
North Macedonia,,1.0,,,,0.373006431791687,0.49007413668629435,0.5993006449495116,,0.48909668235632886,0.5902955791567643,1.0,1.0,0.49426530961329374,0.8372360479651144
Armenia,,1.0,,,,0.46666768028381134,0.46148375481733706,0.5184251248315993,,0.5001104077464623,0.589337393535842,1.0,1.0,0.4930033992448688,0.836829918975779
Tonga,,1.0,,,,0.3822800959663641,0.47631371120526117,0.4245274040953524,,0.6605649116964808,0.5887372245926917,1.0,1.0,0.4922129893330198,0.836575536107794
Europe & Central Asia,,1.0,,,,0.43767118348609846,0.48507279943580006,0.4902908068952206,,0.5118161830623729,0.5849701945758985,1.0,1.0,0.487251889800151,0.83497887251766
European Union,,1.0,,,,0.43767118348609846,0.48507279943580006,0.4902908068952206,,0.5118161830623729,0.5849701945758985,1.0,1.0,0.487251889800151,0.83497887251766
North America,,1.0,,,,0.43767118348609846,0.48507279943580006,0.4902908068952206,,0.5118161830623729,0.5849701945758985,1.0,1.0,0.487251889800151,0.83497887251766
Euro area,,1.0,,,,0.43767118348609846,0.48507279943580006,0.4902908068952206,,0.5118161830623729,0.5849701945758985,1.0,1.0,0.487251889800151,0.83497887251766
Post-demographic dividend,,1.0,,,,0.43767118348609846,0.48507279943580006,0.4902908068952206,,0.5118161830623729,0.5849701945758985,1.0,1.0,0.487251889800151,0.83497887251766
Central Europe and the Baltics,,1.0,,,,0.43767118348609846,0.48507279943580006,0.4902908068952206,,0.5118161830623729,0.5849701945758985,1.0,1.0,0.487251889800151,0.83497887251766
Europe & Central Asia (IDA & IBRD),,1.0,,,,0.43767118348609846,0.48507279943580006,0.4902908068952206,,0.5118161830623729,0.5849701945758985,1.0,1.0,0.487251889800151,0.83497887251766
Europe & Central Asia (excluding high income),,1.0,,,,0.43767118348609846,0.48507279943580006,0.4902908068952206,,0.5118161830623729,0.5849701945758985,1.0,1.0,0.487251889800151,0.83497887251766
High income,,0.9998774315401426,,,,0.43767118348609846,0.48507279943580006,0.4902908068952206,,0.5118161830623729,0.584945680883927,0.9998774315401426,0.9998774315401426,0.487251889800151,0.8348957510787416
OECD members,,0.9991858406355338,,,,0.43767118348609846,0.48507279943580006,0.4902908068952206,,0.5118161830623729,0.5848073627030053,0.9991858406355338,0.9991858406355338,0.487251889800151,0.8344267394651429
Serbia,,1.0,,,,0.3503194375338349,0.5027645764614209,0.5376545576108868,,0.5114798543872869,0.5804436851986858,1.0,1.0,0.48129057187682533,0.8330603020043441
Dominican Republic,,0.9957716701902748,,,,0.349796917210331,0.5286829311129467,0.5447411951109509,,0.4985372506836625,0.5835059928616332,0.9957716701902748,0.9957716701902748,0.48643729118580004,0.8318492064759255
Late-demographic dividend,,0.9942619001868753,,,,0.43767118348609846,0.48507279943580006,0.4902908068952206,,0.5118161830623729,0.5838225746132735,0.9942619001868753,0.9942619001868753,0.487251889800151,0.8310875034519173
Moldova,,1.0,,,,0.38871815589382375,0.46561216947521156,0.5307497252427628,,0.4927784547975912,0.5755717010818778,1.0,1.0,0.4748742709664821,0.8309953012965343
Upper middle income,,0.993960702686129,,,,0.43767118348609846,0.48507279943580006,0.4902908068952206,,0.5118161830623729,0.5837623351131243,0.993960702686129,0.993960702686129,0.487251889800151,0.8308832423419236
South Asia (IDA & IBRD),,0.9937504119422886,,,,0.43767118348609846,0.48507279943580006,0.4902908068952206,,0.5118161830623729,0.5837202769643561,0.9937504119422886,0.9937504119422886,0.487251889800151,0.8307406308639007
South Asia,,0.9937504119422886,,,,0.43767118348609846,0.48507279943580006,0.4902908068952206,,0.5118161830623729,0.5837202769643561,0.9937504119422886,0.9937504119422886,0.487251889800151,0.8307406308639007
Kazakhstan,,1.0,,,,0.3918812105995776,0.5327257308836105,0.5223271089261997,,0.4223981660761285,0.5738664432971033,1.0,1.0,0.47262848222528486,0.8302725242003592
Grenada,,0.9408033826638479,,,,0.581673195787545,0.4998174701190252,0.5753075917549769,,0.6740655355622911,0.6543334351775372,0.9408033826638479,0.9408033826638479,0.5941939637613127,0.8292517728860925
Caribbean small states,,0.9912101219710465,,,,0.43767118348609846,0.48507279943580006,0.4902908068952206,,0.5118161830623729,0.5832122189701077,0.9912101219710465,0.9912101219710465,0.487251889800151,0.8290178992743426
IBRD only,,0.9903662272673572,,,,0.43767118348609846,0.48507279943580006,0.4902908068952206,,0.5118161830623729,0.5830434400293699,0.9903662272673572,0.9903662272673572,0.487251889800151,0.8284456008041817
Jamaica,,0.9756871035940804,,,,0.4274366642904964,0.5887979775049885,0.5291597908589855,,0.4875480821385714,0.6017259236774245,0.9756871035940804,0.9756871035940804,0.5157227485776916,0.8276537223751668
East Asia & Pacific (IDA & IBRD),,0.9867594334773868,,,,0.43767118348609846,0.48507279943580006,0.4902908068952206,,0.5118161830623729,0.5823220812713757,0.9867594334773868,0.9867594334773868,0.487251889800151,0.8259996053984029
Morocco,,1.0,,,,0.32980578107965586,0.4933897536295453,0.49460299985085215,,0.49879720309123476,0.5633191475302576,1.0,1.0,0.45873791489010046,0.8258020307213523
Viet Nam,,0.9978858350951374,,,,0.3575428175747559,0.5283454949029345,0.42678509936735964,,0.5088554810806823,0.5638829456041738,0.9978858350951374,0.9978858350951374,0.46003728729852367,0.8247864671861213
Kiribati,,0.9566596194503172,,,,0.5479798486876722,0.48033199413130334,0.44888244569640645,,0.6699946403535767,0.6207697096638551,0.9566596194503172,0.9566596194503172,0.5458147748677534,0.8244346962869799
Latin America & Caribbean,,0.9833257978312855,,,,0.43767118348609846,0.48507279943580006,0.4902908068952206,,0.5118161830623729,0.5816353541421555,0.9833257978312855,0.9833257978312855,0.487251889800151,0.8236710395017782
East Asia & Pacific,,0.9831341234368118,,,,0.43767118348609846,0.48507279943580006,0.4902908068952206,,0.5118161830623729,0.5815970192632608,0.9831341234368118,0.9831341234368118,0.487251889800151,0.8235410529498463
Latin America & Caribbean (IDA & IBRD),,0.9829307518021491,,,,0.43767118348609846,0.48507279943580006,0.4902908068952206,,0.5118161830623729,0.5815563449363282,0.9829307518021491,0.9829307518021491,0.487251889800151,0.8234031337581713
Latin America & Caribbean (excluding high income),,0.9816992002363889,,,,0.43767118348609846,0.48507279943580006,0.4902908068952206,,0.5118161830623729,0.5813100346231762,0.9816992002363889,0.9816992002363889,0.487251889800151,0.8225679406067896
East Asia & Pacific (excluding high income),,0.9813703837285297,,,,0.43767118348609846,0.48507279943580006,0.4902908068952206,,0.5118161830623729,0.5812442713216044,0.9813703837285297,0.9813703837285297,0.487251889800151,0.8223449492980532
Sri Lanka,,1.0,,,,0.3648691298194211,0.44681343378608146,0.4001277630038169,,0.5076099976218338,0.5438840648462306,1.0,1.0,0.4331423185728,0.8175644300772127
Maldives,,1.0,,,,0.3618853509307152,0.47357248065892665,0.36513728543303137,,0.5104994793107354,0.5422189192666818,1.0,1.0,0.4309493567646827,0.8168586546235299
Colombia,,0.9862579281183932,,,,0.3820786206994181,0.48478701723404277,0.5297989565928249,,0.41964836280901185,0.5605141770907383,0.9862579281183932,0.9862579281183932,0.4586634317409187,0.816458689635088
Mongolia,,1.0,,,,0.33987207603001013,0.3996143217738116,0.47089085012951204,,0.48516377543660594,0.5391082046739879,1.0,1.0,0.4268526108816121,0.8155401717053395
Trinidad and Tobago,,0.9862579281183932,,,,0.367130826508632,0.49172612709865876,0.48043299871739276,,0.46144907649860545,0.5573993913883364,0.9862579281183932,0.9862579281183932,0.45456132429173884,0.8151384811684912
Tunisia,,1.0,,,,0.3745518276024607,0.43642969843081436,0.37640621698361754,,0.4960508228778774,0.536687713178954,1.0,1.0,0.42366487434333294,0.814514241297798
Philippines,,0.9788583509513742,,,,0.32950860883282784,0.5342922908544749,0.5432647177429897,,0.4292500214725314,0.5630347979708396,0.9788583509513742,0.9788583509513742,0.46393205416964334,0.8131362032244759
Turkiye,,1.0,,,,0.3375974382342321,0.4477535776308965,0.4593942713788979,,0.4067985613019155,0.5303087697091884,1.0,1.0,0.4152639395679338,0.811810512700921
Argentina,,1.0,,,,0.3701832405825648,0.4198535335538248,0.40550089709342285,,0.43100175497113724,0.5253078852401899,1.0,1.0,0.40867787959695456,0.8096908773079134
"Middle East, North Africa, Afghanistan & Pakistan",,0.9621843207561036,,,,0.43767118348609846,0.48507279943580006,0.4902908068952206,,0.5118161830623729,0.5774070587271192,0.9621843207561036,0.9621843207561036,0.487251889800151,0.8093336643124692
Brazil,,0.9978858350951374,,,,0.33733186779930724,0.38341998197192345,0.4451303501043494,,0.45541488167487315,0.5238365833291181,0.9978858350951374,0.9978858350951374,0.4072970680036955,0.8078127323666868
"Middle East, North Africa, Afghanistan & Pakistan (excluding high income)",,0.9586197541952792,,,,0.43767118348609846,0.48507279943580006,0.4902908068952206,,0.5118161830623729,0.5766941454149543,0.9586197541952792,0.9586197541952792,0.487251889800151,0.8069163058664126
"Middle East, North Africa, Afghanistan & Pakistan (IDA & IBRD)",,0.9583244681153182,,,,0.43767118348609846,0.48507279943580006,0.4902908068952206,,0.5118161830623729,0.5766350881989621,0.9583244681153182,0.9583244681153182,0.487251889800151,0.806716053665418
"Egypt, Arab Rep.",,1.0,,,,0.28114934637742106,0.4495606740548285,0.36653945888185907,,0.48523610884135737,0.5164971176310933,1.0,1.0,0.39707428342839646,0.8059564149383908
Belize,,0.9957716701902748,,,,0.4011961909886234,0.4201130534801974,0.41656658547773495,,0.37721313618559515,0.5221721272644851,0.9957716701902748,0.9957716701902748,0.40566187644087626,0.805852718631503
El Salvador,,0.982029598308668,,,,0.32406056070282957,0.5119790832918595,0.4426964024194883,,0.44092487403946645,0.5403381037524624,0.982029598308668,0.982029598308668,0.43320569060868436,0.8053979574770415
Early-demographic dividend,,0.9545923689680995,,,,0.43767118348609846,0.48507279943580006,0.4902908068952206,,0.5118161830623729,0.5758886683695184,0.9545923689680995,0.9545923689680995,0.487251889800151,0.8041850807571822
Azerbaijan,,1.0,,,,0.17813016907024354,0.4940943041663356,0.485103038597691,,0.3937302406004588,0.5102115504869458,1.0,1.0,0.3887963233156201,0.8032922640933848
Guyana,,0.9883720930232558,,,,0.3649225127412643,0.437727355802204,0.3883541830767311,,0.44741544037429765,0.5253583170035506,0.9883720930232558,0.9883720930232558,0.4118070390990597,0.8028123349806507
Bosnia and Herzegovina,,1.0,,,,0.31940184463506927,0.29278153780427496,0.47818459659284734,,0.4451214666347679,0.5070978891333919,1.0,1.0,0.38469569661029385,0.8019725321844102
Middle income,,0.9488201740306164,,,,0.43767118348609846,0.48507279943580006,0.4902908068952206,,0.5118161830623729,0.5747342293820217,0.9488201740306164,0.9488201740306164,0.487251889800151,0.8002705896272471
Panama,,0.9682875264270614,,,,0.3086935212938888,0.45597486826791134,0.5335793283634117,,0.4465185147130127,0.5426107518130572,0.9682875264270614,0.9682875264270614,0.4398183245402544,0.7982067756641522
Ukraine,,1.0,,,,0.2953347194239174,0.42420136482897075,0.4515310562007405,,0.31674353656849785,0.4975621354044253,1.0,1.0,0.3721373089257167,0.7979307829242102
Suriname,,0.9957716701902748,,,,0.3601805813120389,0.2929051902086285,0.35320606477912797,,0.5144104332239662,0.5032947879428072,0.9957716701902748,0.9957716701902748,0.38080081643522595,0.7978515186837559
Small states,,0.9450313006343996,,,,0.43767118348609846,0.48507279943580006,0.4902908068952206,,0.5118161830623729,0.5739764547027784,0.9450313006343996,0.9450313006343996,0.487251889800151,0.7977011145033863
Paraguay,,0.9978858350951374,,,,0.20982848720096572,0.4016530018164086,0.4914652787444029,,0.39000008186803603,0.49816653694499013,0.9978858350951374,0.9978858350951374,0.3734901552482114,0.7969324292536579
Other small states,,0.9419035524849598,,,,0.43767118348609846,0.48507279943580006,0.4902908068952206,,0.5118161830623729,0.5733509050728903,0.9419035524849598,0.9419035524849598,0.487251889800151,0.7955799903001571
Mexico,,0.9968287526427062,,,,0.21837600922114692,0.458420166096859,0.4716462135324574,,0.3363469090409328,0.49632361010682047,0.9968287526427062,0.9968287526427062,0.3713414903350889,0.7955240355729258
Timor-Leste,,1.0,,,,0.4010603402308136,0.31987483558990526,0.40435238086629255,,0.3297358226883259,0.4910046758750674,1.0,1.0,0.36350127224353573,0.7951513899202712
Cuba,,1.0,,,,0.4405515431038572,0.39875495873471506,0.18849481429675974,,0.4209007369463916,0.48974041061634466,1.0,1.0,0.3618362614109937,0.794615528433138
Uzbekistan,,1.0,,,,0.2674023798907585,0.4400349224055181,0.38541921159679116,,0.33002559845177587,0.48457642246896865,1.0,1.0,0.35503539731607575,0.7924267612032401
Algeria,,1.0,,,,0.3176188248701659,0.3568621220646444,0.3063401889169918,,0.36698294066960724,0.46956081530428195,1.0,1.0,0.3352601575759145,0.786062364546794
Peru,,0.959830866807611,,,,0.2873048690985477,0.3952364017897098,0.5705176153641419,,0.40053882289225423,0.5226857151904529,0.959830866807611,0.959830866807611,0.41580491783523843,0.7847433848779753
Ecuador,,0.9862579281183932,,,,0.3042653174009736,0.3947257405838508,0.35530504654978134,,0.30011933335913965,0.46813467320242774,0.9862579281183932,0.9862579281183932,0.33700156243171364,0.7773034427494604
Bangladesh,,0.9947145877378436,,,,0.19529807284360307,0.3510070389358928,0.3135680359196902,,0.409027696698154,0.4527230864270367,0.9947145877378436,0.9947145877378436,0.3144773771739793,0.7757893314381397
Guatemala,,1.0,,,,0.1951262928556386,0.3079892438190348,0.4464345836814662,,0.2720061779274256,0.44431125965671303,1.0,1.0,0.3020070223022715,0.7753602873162401
Lower middle income,,0.9076963528089028,,,,0.43767118348609846,0.48507279943580006,0.4902908068952206,,0.5118161830623729,0.566509465137679,0.9076963528089028,0.9076963528089028,0.487251889800151,0.772381920733534
"Micronesia, Fed. Sts.",,0.8615221987315012,,,,0.633572876164844,0.5511382180083376,0.38471742661676206,,0.6834025565134055,0.62287065520697,0.8615221987315012,0.8615221987315012,0.5736404736762417,0.7688713124480515
Low & middle income,,0.8994933528018245,,,,0.43767118348609846,0.48507279943580006,0.4902908068952206,,0.5118161830623729,0.5648688651362633,0.8994933528018245,0.8994933528018245,0.487251889800151,0.7668189466631248
Kyrgyz Republic,,1.0,,,,0.1722336605053572,0.3093754415469923,0.3769200188564559,,0.24835358958675152,0.42137654209911135,1.0,1.0,0.2718024802481163,0.7656393590754286
IDA & IBRD total,,0.8976227157970751,,,,0.43767118348609846,0.48507279943580006,0.4902908068952206,,0.5118161830623729,0.5644947377353134,0.8976227157970751,0.8976227157970751,0.487251889800151,0.765550349181278
Bolivia,,0.9978858350951374,,,,0.26032126972569014,0.3634609801153794,0.2575573474797714,,0.2375340297897543,0.42335189244114657,0.9978858350951374,0.9978858350951374,0.27496083739166655,0.7652220849358298
Russian Federation,,1.0,,,,0.19902324615018946,0.34775050396342067,0.2692821256871283,,0.2451183473770303,0.4122348446355537,1.0,1.0,0.2597630564012387,0.7617646313915466
Belarus,,1.0,,,,0.3001944032642485,0.28768974555755916,0.20592396001427804,,0.22997136301750382,0.40475589437071785,1.0,1.0,0.24991343574522606,0.758594662602593
Ghana,,0.8890063424947147,,,,0.4304424283155973,0.4811740208774839,0.4698008382012747,,0.5054657129534947,0.555177868568513,0.8890063424947147,0.8890063424947147,0.47725128508232345,0.7564884794951516
Pacific island small states,,0.8823527628102548,,,,0.43767118348609846,0.48507279943580006,0.4902908068952206,,0.5118161830623729,0.5614407471379493,0.8823527628102548,0.8823527628102548,0.487251889800151,0.7551948265128947
Tajikistan,,1.0,,,,0.1359584014815996,0.334865363997932,0.257322174988544,,0.22368081712401028,0.39036535151841717,1.0,1.0,0.23096139259611076,0.7524952007687072
Nepal,,0.9365750528541227,,,,0.3363458610925907,0.3272263989427661,0.3674005096199561,,0.41859632289289606,0.47722882908046627,0.9365750528541227,0.9365750528541227,0.36206463596988936,0.7516765522869854
Lao PDR,,0.9630021141649048,,,,0.2291322427745566,0.36264349106420524,0.31066171831109013,,0.33000297777151655,0.43908850881725464,0.9630021141649048,0.9630021141649048,0.3048738569249462,0.7511923290534678
"Iran, Islamic Rep.",,1.0,,,,0.16974951668704757,0.28103123616015635,0.14885377659039833,,0.27543331082580486,0.37501356805268143,1.0,1.0,0.21074341571749822,0.7459883150804887
Lebanon,,1.0,,,,0.17086051788676276,0.16091462079270547,0.29220268364770186,,0.2505184999368317,0.37489926445280036,1.0,1.0,0.21059288027354178,0.7459398672594366
Pakistan,,0.9534883720930232,,,,0.22325939442040485,0.3767410456130457,0.3163678251125112,,0.32354697001693056,0.43868072145118314,0.9534883720930232,0.9534883720930232,0.3068426892743936,0.7453741001189609
Cambodia,,0.9471458773784356,,,,0.15425656380880393,0.43527603060821074,0.3624580024638515,,0.3332999205252496,0.4464872789569103,0.9471458773784356,0.9471458773784356,0.31879434830217473,0.744919334323987
Honduras,,0.9534883720930232,,,,0.19734802093378634,0.32993469069294773,0.39094228655811164,,0.2672847598772003,0.42779962603101385,0.9534883720930232,0.9534883720930232,0.2925125147959708,0.7407621249553152
South Africa,,0.8699788583509515,,,,0.38772129292229773,0.44580860563251395,0.4606322627153486,,0.5499430336106514,0.5428168106463527,0.8699788583509515,0.8699788583509515,0.4659837905429334,0.7399584443098366
Gabon,,0.9376321353065539,,,,0.2195381713403076,0.3332527246769448,0.35815523710246927,,0.3204821958844229,0.4338120928621397,0.9376321353065539,0.9376321353065539,0.30460727378834934,0.7339015426547918
Iraq,,1.0,,,,0.1492352224358824,0.20198259058318052,0.20192094944075806,,0.1241520774926877,0.3354581679905017,1.0,1.0,0.1586497833609471,0.7292226756268826
Turkmenistan,,1.0,,,,0.1256282300302478,0.24139972314795138,0.06778233864239358,,0.17358642213777842,0.3216793427916742,1.0,1.0,0.14050335953298526,0.7233824916061252
Botswana,,0.7463002114164905,,,,0.6110415798096908,0.5938649610016974,0.614230721124375,,0.6227349974185898,0.6376344941541687,0.7463002114164905,0.7463002114164905,0.623433128143305,0.7067570825216711
"Venezuela, RB",,1.0,,,,0.06432935605876788,0.1568634616216652,0.07669624443598133,,0.014470046953173776,0.2624718218139176,1.0,1.0,0.06252829605974076,0.6982872593977674
Eswatini,,0.8562367864693446,,,,0.2840959821642893,0.3106174444300679,0.3554603385986203,,0.3862740022746765,0.43853691078739976,0.8562367864693446,0.8562367864693446,0.33226895340230617,0.687604741109879
IDA blend,,0.7665976149650676,,,,0.43767118348609846,0.48507279943580006,0.4902908068952206,,0.5118161830623729,0.538289717568912,0.7665976149650676,0.7665976149650676,0.487251889800151,0.6766939261808823
Solomon Islands,,0.8023255813953488,,,,0.42222962455346746,0.34319937181447824,0.3421291662183013,,0.466395296473111,0.4752558080909413,0.8023255813953488,0.8023255813953488,0.3948269564103276,0.6711775942943887
Comoros,,0.8921775898520085,,,,0.2253875652246869,0.17066189975976814,0.24449778383824106,,0.2083535234077119,0.34821567241648327,0.8921775898520085,0.8921775898520085,0.20385111974871967,0.6706489134652509
Nicaragua,,0.8763213530655392,,,,0.13372471299547334,0.2675664811628253,0.32125594450396355,,0.22345212860743968,0.3644641240670482,0.8763213530655392,0.8763213530655392,0.22942645608712126,0.668126874844365
Sao Tome and Principe,,0.8023255813953488,,,,0.5361228666925304,0.3068552138510401,0.3080124222466976,,0.36304066670589896,0.4632713501783032,0.8023255813953488,0.8023255813953488,0.37904367666819033,0.6660979566192707
Senegal,,0.7272727272727273,,,,0.4665371067817002,0.5161200258231695,0.4347784693922058,,0.46383066615164964,0.5217077990842904,0.7272727272727273,0.7272727272727273,0.4757718613790288,0.6463305343577954
Kenya,,0.7484143763213531,,,,0.27582843244643707,0.435764494173774,0.425038774769094,,0.4512467574766701,0.4672585670374657,0.7484143763213531,0.7484143763213531,0.39849474295451953,0.6357974182522234
Afghanistan,,0.8446088794926004,,,,0.18745904040330097,0.07337957354149971,0.23853541722601207,,0.13456734611526244,0.2957100513557351,0.8446088794926004,0.8446088794926004,0.1472317167129073,0.6201673586111566
Cote d'Ivoire,,0.7082452431289641,,,,0.3812004634054592,0.4237295110006116,0.4835541711657599,,0.41894863356971157,0.4831356044541013,0.7082452431289641,0.7082452431289641,0.4299848494749063,0.6186908537884065
Syrian Arab Republic,,0.8773784355179705,,,,0.05047179694650966,0.11618606765235168,0.12273205941378146,,0.042312139315321684,0.241816099769187,0.8773784355179705,0.8773784355179705,0.06762314908229373,0.6167695172319174
Rwanda,,0.6183932346723044,,,,0.6077879510740315,0.5847234145790922,0.5348433820907028,,0.5783981503300811,0.5848292265492423,0.6183932346723044,0.6183932346723044,0.5875798593000858,0.6084763615638337
IDA total,,0.6564639934766047,,,,0.43767118348609846,0.48507279943580006,0.4902908068952206,,0.5118161830623729,0.5162629932712194,0.6564639934766047,0.6564639934766047,0.487251889800151,0.6020053390673987
"Yemen, Rep.",,0.8266384778012684,,,,0.07378071184507928,0.011294672622784496,0.11571644403145909,,0.0892615180838362,0.2233383648768855,0.8266384778012684,0.8266384778012684,0.05665305177666445,0.5788289576491111
"Gambia, The",,0.6501057082452432,,,,0.388536075141648,0.3739849455346893,0.3720493431598292,,0.43973866467870953,0.4448829473520238,0.6501057082452432,0.6501057082452432,0.3949206119135654,0.5679777949957339
Cameroon,,0.7040169133192389,,,,0.18570371337200658,0.30603130929688993,0.31371286682985655,,0.2808788188479158,0.3580687243331816,0.7040169133192389,0.7040169133192389,0.2663881154990235,0.5631719327168038
IDA only,,0.5974650329694334,,,,0.43767118348609846,0.48507279943580006,0.4902908068952206,,0.5118161830623729,0.5044632011697852,0.5974650329694334,0.5974650329694334,0.487251889800151,0.5619944056041198
Myanmar,,0.7547568710359408,,,,0.17329127878323058,0.1237979849469717,0.20223574846324072,,0.14239210470368396,0.2792947975866135,0.7547568710359408,0.7547568710359408,0.1492798139130957,0.5598921711111424
Vanuatu,,0.5940803382663848,,,,0.44980817664170253,0.3787182651371354,0.48282039020910505,,0.5631387222202433,0.4937131784949142,0.5940803382663848,0.5940803382663848,0.47398584976707137,0.5554295319497173
Namibia,,0.5422832980972516,,,,0.4785583935098226,0.5077722262791013,0.4950177462299397,,0.6359033497348008,0.5319070027701832,0.5422832980972516,0.5422832980972516,0.5379294384972133,0.5408820665650318
Fragile and conflict affected situations,,0.5660688087288267,,,,0.43767118348609846,0.48507279943580006,0.4902908068952206,,0.5118161830623729,0.4981839563216638,0.5660688087288267,0.5660688087288267,0.487251889800151,0.540702636591742
Least developed countries: UN classification,,0.5606146437273246,,,,0.43767118348609846,0.48507279943580006,0.4902908068952206,,0.5118161830623729,0.49709312332136335,0.5606146437273246,0.5606146437273246,0.487251889800151,0.5370038217126846
Djibouti,,0.6321353065539113,,,,0.2735239416369406,0.3436574900509662,0.30954230029978214,,0.26006790711098615,0.3637853891305173,0.6321353065539113,0.6321353065539113,0.29285015688449484,0.5229409149555898
Libya,,0.7167019027484144,,,,0.10229558634062286,0.14896566951444756,0.09380604612173721,,0.10582034096639109,0.2335179091383226,0.7167019027484144,0.7167019027484144,0.09901613085933775,0.5179079911195522
Benin,,0.5454545454545455,,,,0.4418198144101307,0.4539807503089835,0.4452670749016,,0.40829728833953605,0.4589638946829592,0.5454545454545455,0.5454545454545455,0.44102960160001775,0.5118467726917405
Togo,,0.5687103594080338,,,,0.3107459931398838,0.3766847174969191,0.4032229460607943,,0.4030831644888299,0.41248943611889216,0.5687103594080338,0.5687103594080338,0.3736982304428887,0.5059483116220033
Sub-Saharan Africa,,0.5058808763326248,,,,0.43767118348609846,0.48507279943580006,0.4902908068952206,,0.5118161830623729,0.4861463698424234,0.5058808763326248,0.5058808763326248,0.487251889800151,0.49988538595384213
Sub-Saharan Africa (IDA & IBRD),,0.5058808763326248,,,,0.43767118348609846,0.48507279943580006,0.4902908068952206,,0.5118161830623729,0.4861463698424234,0.5058808763326248,0.5058808763326248,0.487251889800151,0.49988538595384213
Sub-Saharan Africa (excluding high income),,0.5032503353839493,,,,0.43767118348609846,0.48507279943580006,0.4902908068952206,,0.5118161830623729,0.48562026165268823,0.5032503353839493,0.5032503353839493,0.487251889800151,0.49810144945792545
Equatorial Guinea,,0.6501057082452432,,,,0.09185886850261299,0.21689150096235132,0.19423208868973646,,0.20897526407219602,0.272412686094428,0.6501057082452432,0.6501057082452432,0.16778089475059788,0.4948759122649651
Pre-demographic dividend,,0.4982134071900508,,,,0.43767118348609846,0.48507279943580006,0.4902908068952206,,0.5118161830623729,0.4846128760139086,0.4982134071900508,0.4982134071900508,0.487251889800151,0.49468558929542505
Nigeria,,0.5898520084566596,,,,0.2136826189431025,0.3185934928425826,0.3087304321481146,,0.3168938371539798,0.3495504779088878,0.5898520084566596,0.5898520084566596,0.28524032070146055,0.4918168072385231
Lesotho,,0.5486257928118393,,,,0.3359890513986471,0.2958396925937329,0.38257952026944586,,0.4144452069930595,0.39549585281334493,0.5486257928118393,0.5486257928118393,0.35660822820763416,0.48682750554940807
Heavily indebted poor countries (HIPC),,0.47707307346574845,,,,0.43767118348609846,0.48507279943580006,0.4902908068952206,,0.5118161830623729,0.48038480926904814,0.47707307346574845,0.47707307346574845,0.487251889800151,0.4803489894847935
Zimbabwe,,0.5983086680761099,,,,0.16300118567145516,0.24918483336090352,0.22321388625766286,,0.22370204005731664,0.29148212268468965,0.5983086680761099,0.5983086680761099,0.20653806596149232,0.47222253496449057
Sudan,,0.6405919661733616,,,,0.10757717631556235,0.07552183829514225,0.16681666890023733,,0.12869609578183788,0.2238407490932283,0.6405919661733616,0.6405919661733616,0.10631855209197684,0.46864320727655073
Ethiopia,,0.5285412262156448,,,,0.3462101458494952,0.3356523665789659,0.2907931213849071,,0.368935807102021,0.37402653342620684,0.5285412262156448,0.5285412262156448,0.3336237754146092,0.4658096493315611
Zambia,,0.4830866807610994,,,,0.34330025539860254,0.35926561326845086,0.4021856873442916,,0.4026936780219156,0.398106382958872,0.4830866807610994,0.4830866807610994,0.3773089688902925,0.4490435376891158
Mali,,0.5190274841437632,,,,0.2549064967674263,0.2560167794657502,0.3635351569671,,0.29536730750321716,0.33777064496945136,0.5190274841437632,0.5190274841437632,0.288381410406351,0.4447971274044905
Uganda,,0.4873150105708245,,,,0.21331434261949483,0.3828292296269159,0.3980822549177376,,0.4156635074828101,0.37944086904355656,0.4873150105708245,0.4873150105708245,0.3516131541653552,0.44364118145276304
Low income,,0.42148194371754016,,,,0.43767118348609846,0.48507279943580006,0.4902908068952206,,0.5118161830623729,0.46926658331940646,0.42148194371754016,0.42148194371754016,0.487251889800151,0.4426491219890991
Tanzania,,0.4534883720930233,,,,0.3796149755390462,0.4031565326782884,0.38295327745697194,,0.4399339855524886,0.4118294286639637,0.4534883720930233,0.4534883720930233,0.40317800265536025,0.43729665198035367
Angola,,0.4830866807610994,,,,0.3128756727112274,0.28393463618683346,0.3461063413340556,,0.266313753627474,0.33846341692413795,0.4830866807610994,0.4830866807610994,0.29876043340882663,0.42376374117814297
Mauritania,,0.474630021141649,,,,0.26392224407099885,0.3367423733655415,0.29589888070386544,,0.3763697385274717,0.34951265156190525,0.474630021141649,0.474630021141649,0.3155394923851948,0.423428860367172
Guinea,,0.4830866807610994,,,,0.24665865703382087,0.30567051424054315,0.27908301924102985,,0.26274832935721887,0.3154494401267424,0.4830866807610994,0.4830866807610994,0.2684515085980265,0.41400921874195834
"Korea, Dem. People's Rep.",,0.5507399577167019,,,,0.08861337339301917,0.18164113493224354,0.0,,0.1361879338667149,0.1914364799817359,0.5507399577167019,0.5507399577167019,0.08730945139555969,0.4015910420180769
"Congo, Rep.",,0.4852008456659619,,,,0.14365687169604086,0.21389102154464412,0.2442903384427188,,0.28509282622921833,0.2744263807157168,0.4852008456659619,0.4852008456659619,0.21386813748905148,0.39787603932247534
Eritrea,,0.5179704016913319,,,,0.11374482403743635,0.11498185208180278,0.004970767465186765,,0.10766773455484657,0.17186711596612086,0.5179704016913319,0.5179704016913319,0.0701683729941142,0.37385130267467837
Haiti,,0.4852008456659619,,,,0.12096838924522413,0.02207672089580076,0.2120863070347236,,0.2030119335926434,0.2086688392868708,0.4852008456659619,0.4852008456659619,0.1272668344436988,0.3700045671791382
Somalia,,0.474630021141649,,,,0.05447378786065843,0.07484579825357723,0.10788511374380849,,0.0,0.14236694419993862,0.474630021141649,0.474630021141649,0.04273293988948018,0.3356297169244659
Madagascar,,0.3594080338266385,,,,0.22306961895621694,0.2809496053002939,0.33797874753661705,,0.29601427892645205,0.29948405690924373,0.3594080338266385,0.3594080338266385,0.28000187057818277,0.33385222127922687
Mozambique,,0.32346723044397463,,,,0.2625909903124546,0.3468534755063538,0.3573652687860082,,0.28372023872262964,0.3147994407542842,0.32346723044397463,0.32346723044397463,0.30963856678611684,0.3190166598363047
Guinea-Bissau,,0.3710359408033827,,,,0.18206552734453746,0.19273079374193924,0.2420605162653181,,0.18558468197134864,0.23469549202530526,0.3710359408033827,0.3710359408033827,0.19161394739446946,0.31329136981719685
Sierra Leone,,0.3181818181818182,,,,0.32101316670839186,0.25236030203777415,0.2816128882040955,,0.3299891571919632,0.30063146646480854,0.3181818181818182,0.3181818181818182,0.2923717971882402,0.30987520782094713
Liberia,,0.2864693446088795,,,,0.24880430210388593,0.20935382386816598,0.31153458861242034,,0.2824502572524731,0.26772246328916494,0.2864693446088795,0.2864693446088795,0.25738426267735326,0.2771086996493379
Burkina Faso,,0.1723044397463002,,,,0.4141974322101367,0.32326034783420066,0.4048410011025325,,0.35180854335455947,0.33328235284954594,0.1723044397463002,0.1723044397463002,0.3737958194620783,0.23715174780504725
Papua New Guinea,,0.15961945031712474,,,,0.3020063502085372,0.32839181355131797,0.3713847053785329,,0.4001385110178262,0.3123081660946678,0.15961945031712474,0.15961945031712474,0.3495144283720523,0.22073461146251547
Niger,,0.1553911205073996,,,,0.32347861553120494,0.36315209930911185,0.33427715486888,,0.35987024857674454,0.30723384775866813,0.1553911205073996,0.1553911205073996,0.3439453818754583,0.21607478990294213
Malawi,,0.10782241014799154,,,,0.31451150539126455,0.31609641228136676,0.3437799059706132,,0.4920996097519039,0.31486196870862804,0.10782241014799154,0.10782241014799154,0.36652085598929435,0.1910810479887467
"Congo, Dem. Rep.",,0.17653276955602537,,,,0.11253739890643505,0.13751828225882906,0.2082579365383641,,0.1295194828381926,0.15287317401956924,0.17653276955602537,0.17653276955602537,0.1350869900079137,0.16319399924296044
Central African Republic,,0.12896405919661735,,,,0.15145459135099143,0.1276282198575417,0.19551233401257911,,0.10827903490536372,0.14236764786461867,0.12896405919661735,0.12896405919661735,0.13378083116944267,0.13051427289018153
Burundi,,0.06553911205073995,,,,0.09516029772198686,0.24277446278759307,0.2983223735978324,,0.22994417826556568,0.18634808488474358,0.06553911205073995,0.06553911205073995,0.20840800945955595,0.11151955754350332
Chad,,0.0697674418604651,,,,0.11210131036144971,0.18270692961059043,0.2619659556968733,,0.2052536629741722,0.16635906010071014,0.0697674418604651,0.0697674418604651,0.1809691586761661,0.10555622844369891
South Sudan,,0.0,,,,0.0,0.0,0.0573141412403021,,0.01765206067693792,0.014993240383448004,0.0,0.0,0.0,0.0
